Workbook

Sheet 充放测算
A1: 储能每日充放测算
A2: 充电支出 | L2: 放电收入 | O2: 现货收益 | P2: 其他
A3: 充电均价 (元/MWh) | B3: 充电电量(MWh) | C3: 交易充电 费用(元) | D3: 优发优购(元) | E3: 上网线损(元) | F3: 输配电费(元) | G3: 政府基金(元) | H3: 系统运行(元) | I3: 容量分摊(元) | J3: 容量分摊 系数 | K3: 充电总 费用(元) | L3: 放电均价 (元/MWh) | M3: 放电电量(MWh) | N3: 放电电费 (元) | O3: （元） | P3: 综合效率 | Q3: 充放价差 (元/MWh)
A4: =报价及预中标!B26 | B4: =报价及预中标!B25 | C4: =A4*B4 | D4: =$B$4*I12 | E4: =$B$4*I13 | F4: =B4*(1-P4)*I8 | G4: =B4*(1-P4)*I9 | H4: =$B$4*I14 | I4: =B4*J4*70.5 | J4: =容量分摊系数!G3 | K4: =C4+D4+E4+F4+G4+H4+I4 | L4: =报价及预中标!D26 | M4: =报价及预中标!D25 | N4: =L4*M4 | O4: =N4+K4 | P4: =-M4/B4 | Q4: =L4-A4
A6: 说明 | B6: 根据预测电价，输入充电均价，放电均价。根据充电时段计算出对于的容量分摊系数，计入容量分摊。 | K6: =K3
A7: 1 | B7: 充电均价（元 / MWh）输入限制：-100 至 800； | K7: =C3
A8: 2 | B8: 输配电价（元 / MWh）设置：收取损耗部分输配电价； | I8: 191.9 | J8: 政府核定 | K8: =D3
A9: 3 | B9: 政府基金（元 /M Wh）设置：收取损耗部分输配电价； | I9: 27.168 | J9: 政府核定 | K9: =E3
A10: 4 | B10: 综合效率设置：60% 至 100%； | K10: =F3
A11: 5 | B11: 放电均价（元 / MWh）输入限制：100 至 1500； | K11: =G3
A12: 6 | B12: 优发优购曲线匹配偏差标准：暂以上月替代； | I12: 3.5 | J12: 上月均值 | K12: =H3
A13: 7 | B13: 上网环节线损费用； | I13: 3.3 | J13: 上月均值 | K13: =I3
A14: 8 | B14: 系统运行费用； | I14: -2.9 | J14: 上月均值
A15: 9 | B15: 容量分摊：按季度分为4种类型，详见附表；
A16: 10 | B16: 根据选择的充电时段，计算容量分摊系数。

Sheet 报价及预中标
A1: 假设 | G1: 时点序号 | I1: 时点 | J1: 统一结算日前 | K1: 节点日前电价 | L1: 真实充电中标 | M1: 真实放电中标 | N1: 充放电曲线
A2: 1. 中标按最大值中标，如[-100,-95],按-100中标，[0,95]，按95中标 | G2: 1 | H2: 20250922 0015 | I2: =RIGHT(H2,4) | J2: 632 | K2: 632 | L2: =IF(N2<=0, N2, 0) | M2: =IF(N2>=0, N2, 0) | N2: 0
G3: 2 | H3: 20250922 0030 | I3: =RIGHT(H3,4) | J3: 617.67 | K3: 617.67 | L3: =IF(N3<=0, N3, 0) | M3: =IF(N3>=0, N3, 0) | N3: 0
G4: 3 | H4: 20250922 0045 | I4: =RIGHT(H4,4) | J4: 615 | K4: 615 | L4: =IF(N4<=0, N4, 0) | M4: =IF(N4>=0, N4, 0) | N4: 0
A5: 序号 | B5: 类型 | C5: 开始出力（MW） | D5: 结束出力（MW） | E5: 报价（元/MWh） | G5: 4 | H5: 20250922 0100 | I5: =RIGHT(H5,4) | J5: 610 | K5: 610 | L5: =IF(N5<=0, N5, 0) | M5: =IF(N5>=0, N5, 0) | N5: 0
A6: 1 | B6: 充电 | C6: -100 | D6: -95 | E6: 0 | G6: 5 | H6: 20250922 0115 | I6: =RIGHT(H6,4) | J6: 608 | K6: 608 | L6: =IF(N6<=0, N6, 0) | M6: =IF(N6>=0, N6, 0) | N6: 0
A7: 2 | B7: 充电 | C7: -95 | D7: 0 | E7: 100 | G7: 6 | H7: 20250922 0130 | I7: =RIGHT(H7,4) | J7: 604.5 | K7: 604.5 | L7: =IF(N7<=0, N7, 0) | M7: =IF(N7>=0, N7, 0) | N7: 0
A8: 3 | B8: 充电 | G8: 7 | H8: 20250922 0145 | I8: =RIGHT(H8,4) | J8: 604 | K8: 604 | L8: =IF(N8<=0, N8, 0) | M8: =IF(N8>=0, N8, 0) | N8: 0
A9: 4 | B9: 充电 | G9: 8 | H9: 20250922 0200 | I9: =RIGHT(H9,4) | J9: 604 | K9: 604 | L9: =IF(N9<=0, N9, 0) | M9: =IF(N9>=0, N9, 0) | N9: 0
A10: 5 | B10: 充电 | G10: 9 | H10: 20250922 0215 | I10: =RIGHT(H10,4) | J10: 602 | K10: 602 | L10: =IF(N10<=0, N10, 0) | M10: =IF(N10>=0, N10, 0) | N10: 0
A11: 6 | B11: 放电 | C11: 0 | D11: 95 | E11: 250 | G11: 10 | H11: 20250922 0230 | I11: =RIGHT(H11,4) | J11: 602 | K11: 602 | L11: =IF(N11<=0, N11, 0) | M11: =IF(N11>=0, N11, 0) | N11: 0
A12: 7 | B12: 放电 | C12: 95 | D12: 100 | E12: 300 | G12: 11 | H12: 20250922 0245 | I12: =RIGHT(H12,4) | J12: 600.5 | K12: 600.5 | L12: =IF(N12<=0, N12, 0) | M12: =IF(N12>=0, N12, 0) | N12: 0
A13: 8 | B13: 放电 | G13: 12 | H13: 20250922 0300 | I13: =RIGHT(H13,4) | J13: 599 | K13: 599 | L13: =IF(N13<=0, N13, 0) | M13: =IF(N13>=0, N13, 0) | N13: 0
A14: 9 | B14: 放电 | G14: 13 | H14: 20250922 0315 | I14: =RIGHT(H14,4) | J14: 599 | K14: 599 | L14: =IF(N14<=0, N14, 0) | M14: =IF(N14>=0, N14, 0) | N14: 0
A15: 10 | B15: 放电 | G15: 14 | H15: 20250922 0330 | I15: =RIGHT(H15,4) | J15: 598 | K15: 598 | L15: =IF(N15<=0, N15, 0) | M15: =IF(N15>=0, N15, 0) | N15: 0
G16: 15 | H16: 20250922 0345 | I16: =RIGHT(H16,4) | J16: 599.29 | K16: 599.29 | L16: =IF(N16<=0, N16, 0) | M16: =IF(N16>=0, N16, 0) | N16: 0
G17: 16 | H17: 20250922 0400 | I17: =RIGHT(H17,4) | J17: 602 | K17: 602 | L17: =IF(N17<=0, N17, 0) | M17: =IF(N17>=0, N17, 0) | N17: 0
A18: 初始电量（MWh) | B18: 0 | G18: 17 | H18: 20250922 0415 | I18: =RIGHT(H18,4) | J18: 604 | K18: 604 | L18: =IF(N18<=0, N18, 0) | M18: =IF(N18>=0, N18, 0) | N18: 0
A19: 额定装机（MW） | B19: 100 | G19: 18 | H19: 20250922 0430 | I19: =RIGHT(H19,4) | J19: 608.5 | K19: 608.5 | L19: =IF(N19<=0, N19, 0) | M19: =IF(N19>=0, N19, 0) | N19: 0
A20: 最大电量（MWh) | B20: 180 | G20: 19 | H20: 20250922 0445 | I20: =RIGHT(H20,4) | J20: 612 | K20: 612 | L20: =IF(N20<=0, N20, 0) | M20: =IF(N20>=0, N20, 0) | N20: 0
A21: 综合使用效率 | B21: 0.9 | G21: 20 | H21: 20250922 0500 | I21: =RIGHT(H21,4) | J21: 616 | K21: 616 | L21: =IF(N21<=0, N21, 0) | M21: =IF(N21>=0, N21, 0) | N21: 0
G22: 21 | H22: 20250922 0515 | I22: =RIGHT(H22,4) | J22: 617 | K22: 617 | L22: =IF(N22<=0, N22, 0) | M22: =IF(N22>=0, N22, 0) | N22: 9.49
G23: 22 | H23: 20250922 0530 | I23: =RIGHT(H23,4) | J23: 617 | K23: 617 | L23: =IF(N23<=0, N23, 0) | M23: =IF(N23>=0, N23, 0) | N23: 0
G24: 23 | H24: 20250922 0545 | I24: =RIGHT(H24,4) | J24: 609.18 | K24: 609.18 | L24: =IF(N24<=0, N24, 0) | M24: =IF(N24>=0, N24, 0) | N24: 0
A25: 充电电量（MWh) | B25: =SUM(L:L)/4 | C25: 放电电量（MWh) | D25: =SUM(M:M)/4 | G25: 24 | H25: 20250922 0600 | I25: =RIGHT(H25,4) | J25: 601.35 | K25: 601.35 | L25: =IF(N25<=0, N25, 0) | M25: =IF(N25>=0, N25, 0) | N25: 0
A26: 充电均价(元/MWh） | B26: =B27/B25 | C26: 放电均价(元/MWh） | D26: =D27/D25 | G26: 25 | H26: 20250922 0615 | I26: =RIGHT(H26,4) | J26: 587 | K26: 587 | L26: =IF(N26<=0, N26, 0) | M26: =IF(N26>=0, N26, 0) | N26: 0
A27: 充电费用（元,正数代表收入） | B27: =SUMPRODUCT(J:J,L:L)/4 | C27: 放电收益（元,正数代表收入） | D27: {=SUMPRODUCT(K:K,M:M)/4} | G27: 26 | H27: 20250922 0630 | I27: =RIGHT(H27,4) | J27: 557 | K27: 557 | L27: =IF(N27<=0, N27, 0) | M27: =IF(N27>=0, N27, 0) | N27: 0
A28: 充放电价差(元/MWh） | B28: =D26-B26 | C28: 充放电收益(元/MWh） | D28: =D27+B27 | G28: 27 | H28: 20250922 0645 | I28: =RIGHT(H28,4) | J28: 522 | K28: 522 | L28: =IF(N28<=0, N28, 0) | M28: =IF(N28>=0, N28, 0) | N28: 0
G29: 28 | H29: 20250922 0700 | I29: =RIGHT(H29,4) | J29: 457.8 | K29: 457.8 | L29: =IF(N29<=0, N29, 0) | M29: =IF(N29>=0, N29, 0) | N29: 0
D30: =充放测算!O4 | G30: 29 | H30: 20250922 0715 | I30: =RIGHT(H30,4) | J30: 394.9 | K30: 394.9 | L30: =IF(N30<=0, N30, 0) | M30: =IF(N30>=0, N30, 0) | N30: 0
G31: 30 | H31: 20250922 0730 | I31: =RIGHT(H31,4) | J31: 374.33 | K31: 374.33 | L31: =IF(N31<=0, N31, 0) | M31: =IF(N31>=0, N31, 0) | N31: 0
G32: 31 | H32: 20250922 0745 | I32: =RIGHT(H32,4) | J32: 341.2 | K32: 341.2 | L32: =IF(N32<=0, N32, 0) | M32: =IF(N32>=0, N32, 0) | N32: 0
G33: 32 | H33: 20250922 0800 | I33: =RIGHT(H33,4) | J33: 345.18 | K33: 345.18 | L33: =IF(N33<=0, N33, 0) | M33: =IF(N33>=0, N33, 0) | N33: 0
A34: 序号 | B34: 类型 | C34: 开始出力（MW） | D34: 结束出力（MW） | E34: 报价(元/MWh) | G34: 33 | H34: 20250922 0815 | I34: =RIGHT(H34,4) | J34: 341.39 | K34: 341.39 | L34: =IF(N34<=0, N34, 0) | M34: =IF(N34>=0, N34, 0) | N34: 0
G35: 34 | H35: 20250922 0830 | I35: =RIGHT(H35,4) | J35: 200.05 | K35: 200.05 | L35: =IF(N35<=0, N35, 0) | M35: =IF(N35>=0, N35, 0) | N35: 0
A36: 1 | B36: 充电 | C36: -100 | D36: -95 | E36: 0 | G36: 35 | H36: 20250922 0845 | I36: =RIGHT(H36,4) | J36: -78.15 | K36: -78.15 | L36: =IF(N36<=0, N36, 0) | M36: =IF(N36>=0, N36, 0) | N36: 0
A37: 2 | B37: 充电 | C37: -95 | D37: 0 | E37: 150 | G37: 36 | H37: 20250922 0900 | I37: =RIGHT(H37,4) | J37: -80 | K37: -80 | L37: =IF(N37<=0, N37, 0) | M37: =IF(N37>=0, N37, 0) | N37: 0
A38: 3 | B38: 放电 | C38: 0 | D38: 95 | E38: 280 | G38: 37 | H38: 20250922 0915 | I38: =RIGHT(H38,4) | J38: -100 | K38: -100 | L38: =IF(N38<=0, N38, 0) | M38: =IF(N38>=0, N38, 0) | N38: 0
A39: 4 | B39: 放电 | C39: 95 | D39: 100 | E39: 350 | G39: 38 | H39: 20250922 0930 | I39: =RIGHT(H39,4) | J39: -100 | K39: -100 | L39: =IF(N39<=0, N39, 0) | M39: =IF(N39>=0, N39, 0) | N39: 0
G40: 39 | H40: 20250922 0945 | I40: =RIGHT(H40,4) | J40: -100 | K40: -100 | L40: =IF(N40<=0, N40, 0) | M40: =IF(N40>=0, N40, 0) | N40: 0
G41: 40 | H41: 20250922 1000 | I41: =RIGHT(H41,4) | J41: -100 | K41: -100 | L41: =IF(N41<=0, N41, 0) | M41: =IF(N41>=0, N41, 0) | N41: 0
G42: 41 | H42: 20250922 1015 | I42: =RIGHT(H42,4) | J42: -100 | K42: -100 | L42: =IF(N42<=0, N42, 0) | M42: =IF(N42>=0, N42, 0) | N42: 0
G43: 42 | H43: 20250922 1030 | I43: =RIGHT(H43,4) | J43: -100 | K43: -100 | L43: =IF(N43<=0, N43, 0) | M43: =IF(N43>=0, N43, 0) | N43: 0
G44: 43 | H44: 20250922 1045 | I44: =RIGHT(H44,4) | J44: -100 | K44: -100 | L44: =IF(N44<=0, N44, 0) | M44: =IF(N44>=0, N44, 0) | N44: 0
G45: 44 | H45: 20250922 1100 | I45: =RIGHT(H45,4) | J45: -100 | K45: -100 | L45: =IF(N45<=0, N45, 0) | M45: =IF(N45>=0, N45, 0) | N45: 0
G46: 45 | H46: 20250922 1115 | I46: =RIGHT(H46,4) | J46: -100 | K46: -100 | L46: =IF(N46<=0, N46, 0) | M46: =IF(N46>=0, N46, 0) | N46: -7.22
G47: 46 | H47: 20250922 1130 | I47: =RIGHT(H47,4) | J47: -100 | K47: -100 | L47: =IF(N47<=0, N47, 0) | M47: =IF(N47>=0, N47, 0) | N47: -7.22
G48: 47 | H48: 20250922 1145 | I48: =RIGHT(H48,4) | J48: -100 | K48: -100 | L48: =IF(N48<=0, N48, 0) | M48: =IF(N48>=0, N48, 0) | N48: -7.22
G49: 48 | H49: 20250922 1200 | I49: =RIGHT(H49,4) | J49: -100 | K49: -100 | L49: =IF(N49<=0, N49, 0) | M49: =IF(N49>=0, N49, 0) | N49: -95
G50: 49 | H50: 20250922 1215 | I50: =RIGHT(H50,4) | J50: -100 | K50: -100 | L50: =IF(N50<=0, N50, 0) | M50: =IF(N50>=0, N50, 0) | N50: -95
G51: 50 | H51: 20250922 1230 | I51: =RIGHT(H51,4) | J51: -100 | K51: -100 | L51: =IF(N51<=0, N51, 0) | M51: =IF(N51>=0, N51, 0) | N51: -95
... G97: 96 | H97: 20250922 2400 | I97: =RIGHT(H97,4) | J97: 460 | K97: 460 | L97: =IF(N97<=0, N97, 0) | M97: =IF(N97>=0, N97, 0) | N97: 0
N98: 0
N99: 0
N100: 0

Sheet 容量分摊系数
A1: 容量电价 | C1: 70.5
A3: 容量分摊--算数平均 系数 | C3: {=SUMPRODUCT(C8:C103,D8:D103)/SUM(C8:C103)} | E3: 容量分摊系数--电量加权 | G3: {=SUMPRODUCT(D8:D103,E8:E103)/SUM(E8:E103)}
A6: 时点 | B6: 刻钟点 | C6: 是否充电 | D6: 当前月份 | E6: 充电电量 | F6: 容量分摊系数（2026年）
D7: 5月 | F7: 1月 | G7: 2月 | H7: 3月 | I7: 4月 | J7: 5月 | K7: 6月 | L7: 7月 | M7: 8月 | N7: 9月 | O7: 10月 | P7: 11月 | Q7: 12月
A8: 1 | B8: 1 | C8: =IF(E8<0,1,0) | D8: {=INDIRECT(ADDRESS(B8+ROW($D$7),MATCH($D$7,$F$7:$Q$7,0)+5))} | E8: =报价及预中标!L2/4 | F8: 1 | G8: 1 | H8: 1 | I8: 1 | J8: 1 | K8: 1 | L8: 0.3 | M8: 0.3 | N8: 1 | O8: 1 | P8: 1 | Q8: 1
B9: 2 | C9: =IF(E9<0,1,0) | D9: {=INDIRECT(ADDRESS(B9+ROW($D$7),MATCH($D$7,$F$7:$Q$7,0)+5))} | E9: =报价及预中标!L3/4 | F9: 1 | G9: 1 | H9: 1 | I9: 1 | J9: 1 | K9: 1 | L9: 0.3 | M9: 0.3 | N9: 1 | O9: 1 | P9: 1 | Q9: 1
B10: 3 | C10: =IF(E10<0,1,0) | D10: {=INDIRECT(ADDRESS(B10+ROW($D$7),MATCH($D$7,$F$7:$Q$7,0)+5))} | E10: =报价及预中标!L4/4 | F10: 1 | G10: 1 | H10: 1 | I10: 1 | J10: 1 | K10: 1 | L10: 0.3 | M10: 0.3 | N10: 1 | O10: 1 | P10: 1 | Q10: 1
B11: 4 | C11: =IF(E11<0,1,0) | D11: {=INDIRECT(ADDRESS(B11+ROW($D$7),MATCH($D$7,$F$7:$Q$7,0)+5))} | E11: =报价及预中标!L5/4 | F11: 1 | G11: 1 | H11: 1 | I11: 1 | J11: 1 | K11: 1 | L11: 0.3 | M11: 0.3 | N11: 1 | O11: 1 | P11: 1 | Q11: 1
A12: 2 | B12: 5 | C12: =IF(E12<0,1,0) | D12: {=INDIRECT(ADDRESS(B12+ROW($D$7),MATCH($D$7,$F$7:$Q$7,0)+5))} | E12: =报价及预中标!L6/4 | F12: 0.3 | G12: 0.3 | H12: 1 | I12: 1 | J12: 1 | K12: 1 | L12: 0.3 | M12: 0.3 | N12: 1 | O12: 1 | P12: 1 | Q12: 0.3
B13: 6 | C13: =IF(E13<0,1,0) | D13: {=INDIRECT(ADDRESS(B13+ROW($D$7),MATCH($D$7,$F$7:$Q$7,0)+5))} | E13: =报价及预中标!L7/4 | F13: 0.3 | G13: 0.3 | H13: 1 | I13: 1 | J13: 1 | K13: 1 | L13: 0.3 | M13: 0.3 | N13: 1 | O13: 1 | P13: 1 | Q13: 0.3
B14: 7 | C14: =IF(E14<0,1,0) | D14: {=INDIRECT(ADDRESS(B14+ROW($D$7),MATCH($D$7,$F$7:$Q$7,0)+5))} | E14: =报价及预中标!L8/4 | F14: 0.3 | G14: 0.3 | H14: 1 | I14: 1 | J14: 1 | K14: 1 | L14: 0.3 | M14: 0.3 | N14: 1 | O14: 1 | P14: 1 | Q14: 0.3
B15: 8 | C15: =IF(E15<0,1,0) | D15: {=INDIRECT(ADDRESS(B15+ROW($D$7),MATCH($D$7,$F$7:$Q$7,0)+5))} | E15: =报价及预中标!L9/4 | F15: 0.3 | G15: 0.3 | H15: 1 | I15: 1 | J15: 1 | K15: 1 | L15: 0.3 | M15: 0.3 | N15: 1 | O15: 1 | P15: 1 | Q15: 0.3
A16: 3 | B16: 9 | C16: =IF(E16<0,1,0) | D16: {=INDIRECT(ADDRESS(B16+ROW($D$7),MATCH($D$7,$F$7:$Q$7,0)+5))} | E16: =报价及预中标!L10/4 | F16: 0.3 | G16: 0.3 | H16: 1 | I16: 1 | J16: 1 | K16: 1 | L16: 0.3 | M16: 0.3 | N16: 1 | O16: 1 | P16: 1 | Q16: 0.3
B17: 10 | C17: =IF(E17<0,1,0) | D17: {=INDIRECT(ADDRESS(B17+ROW($D$7),MATCH($D$7,$F$7:$Q$7,0)+5))} | E17: =报价及预中标!L11/4 | F17: 0.3 | G17: 0.3 | H17: 1 | I17: 1 | J17: 1 | K17: 1 | L17: 0.3 | M17: 0.3 | N17: 1 | O17: 1 | P17: 1 | Q17: 0.3
B18: 11 | C18: =IF(E18<0,1,0) | D18: {=INDIRECT(ADDRESS(B18+ROW($D$7),MATCH($D$7,$F$7:$Q$7,0)+5))} | E18: =报价及预中标!L12/4 | F18: 0.3 | G18: 0.3 | H18: 1 | I18: 1 | J18: 1 | K18: 1 | L18: 0.3 | M18: 0.3 | N18: 1 | O18: 1 | P18: 1 | Q18: 0.3
B19: 12 | C19: =IF(E19<0,1,0) | D19: {=INDIRECT(ADDRESS(B19+ROW($D$7),MATCH($D$7,$F$7:$Q$7,0)+5))} | E19: =报价及预中标!L13/4 | F19: 0.3 | G19: 0.3 | H19: 1 | I19: 1 | J19: 1 | K19: 1 | L19: 0.3 | M19: 0.3 | N19: 1 | O19: 1 | P19: 1 | Q19: 0.3
A20: 4 | B20: 13 | C20: =IF(E20<0,1,0) | D20: {=INDIRECT(ADDRESS(B20+ROW($D$7),MATCH($D$7,$F$7:$Q$7,0)+5))} | E20: =报价及预中标!L14/4 | F20: 0.3 | G20: 0.3 | H20: 1 | I20: 1 | J20: 1 | K20: 1 | L20: 0.3 | M20: 0.3 | N20: 1 | O20: 1 | P20: 1 | Q20: 0.3
B21: 14 | C21: =IF(E21<0,1,0) | D21: {=INDIRECT(ADDRESS(B21+ROW($D$7),MATCH($D$7,$F$7:$Q$7,0)+5))} | E21: =报价及预中标!L15/4 | F21: 0.3 | G21: 0.3 | H21: 1 | I21: 1 | J21: 1 | K21: 1 | L21: 0.3 | M21: 0.3 | N21: 1 | O21: 1 | P21: 1 | Q21: 0.3
B22: 15 | C22: =IF(E22<0,1,0) | D22: {=INDIRECT(ADDRESS(B22+ROW($D$7),MATCH($D$7,$F$7:$Q$7,0)+5))} | E22: =报价及预中标!L16/4 | F22: 0.3 | G22: 0.3 | H22: 1 | I22: 1 | J22: 1 | K22: 1 | L22: 0.3 | M22: 0.3 | N22: 1 | O22: 1 | P22: 1 | Q22: 0.3
B23: 16 | C23: =IF(E23<0,1,0) | D23: {=INDIRECT(ADDRESS(B23+ROW($D$7),MATCH($D$7,$F$7:$Q$7,0)+5))} | E23: =报价及预中标!L17/4 | F23: 0.3 | G23: 0.3 | H23: 1 | I23: 1 | J23: 1 | K23: 1 | L23: 0.3 | M23: 0.3 | N23: 1 | O23: 1 | P23: 1 | Q23: 0.3
A24: 5 | B24: 17 | C24: =IF(E24<0,1,0) | D24: {=INDIRECT(ADDRESS(B24+ROW($D$7),MATCH($D$7,$F$7:$Q$7,0)+5))} | E24: =报价及预中标!L18/4 | F24: 0.3 | G24: 0.3 | H24: 1 | I24: 1 | J24: 1 | K24: 1 | L24: 0.3 | M24: 0.3 | N24: 1 | O24: 1 | P24: 1 | Q24: 0.3
B25: 18 | C25: =IF(E25<0,1,0) | D25: {=INDIRECT(ADDRESS(B25+ROW($D$7),MATCH($D$7,$F$7:$Q$7,0)+5))} | E25: =报价及预中标!L19/4 | F25: 0.3 | G25: 0.3 | H25: 1 | I25: 1 | J25: 1 | K25: 1 | L25: 0.3 | M25: 0.3 | N25: 1 | O25: 1 | P25: 1 | Q25: 0.3
B26: 19 | C26: =IF(E26<0,1,0) | D26: {=INDIRECT(ADDRESS(B26+ROW($D$7),MATCH($D$7,$F$7:$Q$7,0)+5))} | E26: =报价及预中标!L20/4 | F26: 0.3 | G26: 0.3 | H26: 1 | I26: 1 | J26: 1 | K26: 1 | L26: 0.3 | M26: 0.3 | N26: 1 | O26: 1 | P26: 1 | Q26: 0.3
B27: 20 | C27: =IF(E27<0,1,0) | D27: {=INDIRECT(ADDRESS(B27+ROW($D$7),MATCH($D$7,$F$7:$Q$7,0)+5))} | E27: =报价及预中标!L21/4 | F27: 0.3 | G27: 0.3 | H27: 1 | I27: 1 | J27: 1 | K27: 1 | L27: 0.3 | M27: 0.3 | N27: 1 | O27: 1 | P27: 1 | Q27: 0.3
A28: 6 | B28: 21 | C28: =IF(E28<0,1,0) | D28: {=INDIRECT(ADDRESS(B28+ROW($D$7),MATCH($D$7,$F$7:$Q$7,0)+5))} | E28: =报价及预中标!L22/4 | F28: 0.3 | G28: 0.3 | H28: 1 | I28: 1 | J28: 1 | K28: 1 | L28: 0.3 | M28: 0.3 | N28: 1 | O28: 1 | P28: 1 | Q28: 0.3
B29: 22 | C29: =IF(E29<0,1,0) | D29: {=INDIRECT(ADDRESS(B29+ROW($D$7),MATCH($D$7,$F$7:$Q$7,0)+5))} | E29: =报价及预中标!L23/4 | F29: 0.3 | G29: 0.3 | H29: 1 | I29: 1 | J29: 1 | K29: 1 | L29: 0.3 | M29: 0.3 | N29: 1 | O29: 1 | P29: 1 | Q29: 0.3
B30: 23 | C30: =IF(E30<0,1,0) | D30: {=INDIRECT(ADDRESS(B30+ROW($D$7),MATCH($D$7,$F$7:$Q$7,0)+5))} | E30: =报价及预中标!L24/4 | F30: 0.3 | G30: 0.3 | H30: 1 | I30: 1 | J30: 1 | K30: 1 | L30: 0.3 | M30: 0.3 | N30: 1 | O30: 1 | P30: 1 | Q30: 0.3
B31: 24 | C31: =IF(E31<0,1,0) | D31: {=INDIRECT(ADDRESS(B31+ROW($D$7),MATCH($D$7,$F$7:$Q$7,0)+5))} | E31: =报价及预中标!L25/4 | F31: 0.3 | G31: 0.3 | H31: 1 | I31: 1 | J31: 1 | K31: 1 | L31: 0.3 | M31: 0.3 | N31: 1 | O31: 1 | P31: 1 | Q31: 0.3
A32: 7 | B32: 25 | C32: =IF(E32<0,1,0) | D32: {=INDIRECT(ADDRESS(B32+ROW($D$7),MATCH($D$7,$F$7:$Q$7,0)+5))} | E32: =报价及预中标!L26/4 | F32: 1.7 | G32: 1.7 | H32: 1 | I32: 1 | J32: 1 | K32: 0.3 | L32: 1 | M32: 1 | N32: 1 | O32: 1 | P32: 1 | Q32: 1.7
B33: 26 | C33: =IF(E33<0,1,0) | D33: {=INDIRECT(ADDRESS(B33+ROW($D$7),MATCH($D$7,$F$7:$Q$7,0)+5))} | E33: =报价及预中标!L27/4 | F33: 1.7 | G33: 1.7 | H33: 1 | I33: 1 | J33: 1 | K33: 0.3 | L33: 1 | M33: 1 | N33: 1 | O33: 1 | P33: 1 | Q33: 1.7
B34: 27 | C34: =IF(E34<0,1,0) | D34: {=INDIRECT(ADDRESS(B34+ROW($D$7),MATCH($D$7,$F$7:$Q$7,0)+5))} | E34: =报价及预中标!L28/4 | F34: 1.7 | G34: 1.7 | H34: 1 | I34: 1 | J34: 1 | K34: 0.3 | L34: 1 | M34: 1 | N34: 1 | O34: 1 | P34: 1 | Q34: 1.7
B35: 28 | C35: =IF(E35<0,1,0) | D35: {=INDIRECT(ADDRESS(B35+ROW($D$7),MATCH($D$7,$F$7:$Q$7,0)+5))} | E35: =报价及预中标!L29/4 | F35: 1.7 | G35: 1.7 | H35: 1 | I35: 1 | J35: 1 | K35: 0.3 | L35: 1 | M35: 1 | N35: 1 | O35: 1 | P35: 1 | Q35: 1.7
A36: 8 | B36: 29 | C36: =IF(E36<0,1,0) | D36: {=INDIRECT(ADDRESS(B36+ROW($D$7),MATCH($D$7,$F$7:$Q$7,0)+5))} | E36: =报价及预中标!L30/4 | F36: 1.7 | G36: 1.7 | H36: 1 | I36: 1 | J36: 1 | K36: 0.3 | L36: 1 | M36: 1 | N36: 1 | O36: 1 | P36: 1 | Q36: 1.7
B37: 30 | C37: =IF(E37<0,1,0) | D37: {=INDIRECT(ADDRESS(B37+ROW($D$7),MATCH($D$7,$F$7:$Q$7,0)+5))} | E37: =报价及预中标!L31/4 | F37: 1.7 | G37: 1.7 | H37: 1 | I37: 1 | J37: 1 | K37: 0.3 | L37: 1 | M37: 1 | N37: 1 | O37: 1 | P37: 1 | Q37: 1.7
B38: 31 | C38: =IF(E38<0,1,0) | D38: {=INDIRECT(ADDRESS(B38+ROW($D$7),MATCH($D$7,$F$7:$Q$7,0)+5))} | E38: =报价及预中标!L32/4 | F38: 1.7 | G38: 1.7 | H38: 1 | I38: 1 | J38: 1 | K38: 0.3 | L38: 1 | M38: 1 | N38: 1 | O38: 1 | P38: 1 | Q38: 1.7
B39: 32 | C39: =IF(E39<0,1,0) | D39: {=INDIRECT(ADDRESS(B39+ROW($D$7),MATCH($D$7,$F$7:$Q$7,0)+5))} | E39: =报价及预中标!L33/4 | F39: 1.7 | G39: 1.7 | H39: 1 | I39: 1 | J39: 1 | K39: 0.3 | L39: 1 | M39: 1 | N39: 1 | O39: 1 | P39: 1 | Q39: 1.7
A40: 9 | B40: 33 | C40: =IF(E40<0,1,0) | D40: {=INDIRECT(ADDRESS(B40+ROW($D$7),MATCH($D$7,$F$7:$Q$7,0)+5))} | E40: =报价及预中标!L34/4 | F40: 1.7 | G40: 1.7 | H40: 1 | I40: 1 | J40: 1 | K40: 0.3 | L40: 1 | M40: 1 | N40: 1 | O40: 1 | P40: 1 | Q40: 1.7
B41: 34 | C41: =IF(E41<0,1,0) | D41: {=INDIRECT(ADDRESS(B41+ROW($D$7),MATCH($D$7,$F$7:$Q$7,0)+5))} | E41: =报价及预中标!L35/4 | F41: 1.7 | G41: 1.7 | H41: 1 | I41: 1 | J41: 1 | K41: 0.3 | L41: 1 | M41: 1 | N41: 1 | O41: 1 | P41: 1 | Q41: 1.7
B42: 35 | C42: =IF(E42<0,1,0) | D42: {=INDIRECT(ADDRESS(B42+ROW($D$7),MATCH($D$7,$F$7:$Q$7,0)+5))} | E42: =报价及预中标!L36/4 | F42: 1.7 | G42: 1.7 | H42: 1 | I42: 1 | J42: 1 | K42: 0.3 | L42: 1 | M42: 1 | N42: 1 | O42: 1 | P42: 1 | Q42: 1.7
B43: 36 | C43: =IF(E43<0,1,0) | D43: {=INDIRECT(ADDRESS(B43+ROW($D$7),MATCH($D$7,$F$7:$Q$7,0)+5))} | E43: =报价及预中标!L37/4 | F43: 1.7 | G43: 1.7 | H43: 1 | I43: 1 | J43: 1 | K43: 0.3 | L43: 1 | M43: 1 | N43: 1 | O43: 1 | P43: 1 | Q43: 1.7
A44: 10 | B44: 37 | C44: =IF(E44<0,1,0) | D44: {=INDIRECT(ADDRESS(B44+ROW($D$7),MATCH($D$7,$F$7:$Q$7,0)+5))} | E44: =报价及预中标!L38/4 | F44: 0.3 | G44: 0.3 | H44: 0.3 | I44: 0.3 | J44: 0.3 | K44: 0.3 | L44: 1 | M44: 1 | N44: 0.3 | O44: 0.3 | P44: 0.3 | Q44: 0.3
B45: 38 | C45: =IF(E45<0,1,0) | D45: {=INDIRECT(ADDRESS(B45+ROW($D$7),MATCH($D$7,$F$7:$Q$7,0)+5))} | E45: =报价及预中标!L39/4 | F45: 0.3 | G45: 0.3 | H45: 0.3 | I45: 0.3 | J45: 0.3 | K45: 0.3 | L45: 1 | M45: 1 | N45: 0.3 | O45: 0.3 | P45: 0.3 | Q45: 0.3
B46: 39 | C46: =IF(E46<0,1,0) | D46: {=INDIRECT(ADDRESS(B46+ROW($D$7),MATCH($D$7,$F$7:$Q$7,0)+5))} | E46: =报价及预中标!L40/4 | F46: 0.3 | G46: 0.3 | H46: 0.3 | I46: 0.3 | J46: 0.3 | K46: 0.3 | L46: 1 | M46: 1 | N46: 0.3 | O46: 0.3 | P46: 0.3 | Q46: 0.3
B47: 40 | C47: =IF(E47<0,1,0) | D47: {=INDIRECT(ADDRESS(B47+ROW($D$7),MATCH($D$7,$F$7:$Q$7,0)+5))} | E47: =报价及预中标!L41/4 | F47: 0.3 | G47: 0.3 | H47: 0.3 | I47: 0.3 | J47: 0.3 | K47: 0.3 | L47: 1 | M47: 1 | N47: 0.3 | O47: 0.3 | P47: 0.3 | Q47: 0.3
A48: 11 | B48: 41 | C48: =IF(E48<0,1,0) | D48: {=INDIRECT(ADDRESS(B48+ROW($D$7),MATCH($D$7,$F$7:$Q$7,0)+5))} | E48: =报价及预中标!L42/4 | F48: 0.1 | G48: 0.1 | H48: 0.1 | I48: 0.1 | J48: 0.1 | K48: 0.3 | L48: 1 | M48: 1 | N48: 0.1 | O48: 0.1 | P48: 0.1 | Q48: 0.1
B49: 42 | C49: =IF(E49<0,1,0) | D49: {=INDIRECT(ADDRESS(B49+ROW($D$7),MATCH($D$7,$F$7:$Q$7,0)+5))} | E49: =报价及预中标!L43/4 | F49: 0.1 | G49: 0.1 | H49: 0.1 | I49: 0.1 | J49: 0.1 | K49: 0.3 | L49: 1 | M49: 1 | N49: 0.1 | O49: 0.1 | P49: 0.1 | Q49: 0.1
B50: 43 | C50: =IF(E50<0,1,0) | D50: {=INDIRECT(ADDRESS(B50+ROW($D$7),MATCH($D$7,$F$7:$Q$7,0)+5))} | E50: =报价及预中标!L44/4 | F50: 0.1 | G50: 0.1 | H50: 0.1 | I50: 0.1 | J50: 0.1 | K50: 0.3 | L50: 1 | M50: 1 | N50: 0.1 | O50: 0.1 | P50: 0.1 | Q50: 0.1
B51: 44 | C51: =IF(E51<0,1,0) | D51: {=INDIRECT(ADDRESS(B51+ROW($D$7),MATCH($D$7,$F$7:$Q$7,0)+5))} | E51: =报价及预中标!L45/4 | F51: 0.1 | G51: 0.1 | H51: 0.1 | I51: 0.1 | J51: 0.1 | K51: 0.3 | L51: 1 | M51: 1 | N51: 0.1 | O51: 0.1 | P51: 0.1 | Q51: 0.1
A52: 12 | B52: 45 | C52: =IF(E52<0,1,0) | D52: {=INDIRECT(ADDRESS(B52+ROW($D$7),MATCH($D$7,$F$7:$Q$7,0)+5))} | E52: =报价及预中标!L46/4 | F52: 0.1 | G52: 0.1 | H52: 0.1 | I52: 0.1 | J52: 0.1 | K52: 0.3 | L52: 1 | M52: 1 | N52: 0.1 | O52: 0.1 | P52: 0.1 | Q52: 0.1
B53: 46 | C53: =IF(E53<0,1,0) | D53: {=INDIRECT(ADDRESS(B53+ROW($D$7),MATCH($D$7,$F$7:$Q$7,0)+5))} | E53: =报价及预中标!L47/4 | F53: 0.1 | G53: 0.1 | H53: 0.1 | I53: 0.1 | J53: 0.1 | K53: 0.3 | L53: 1 | M53: 1 | N53: 0.1 | O53: 0.1 | P53: 0.1 | Q53: 0.1
B54: 47 | C54: =IF(E54<0,1,0) | D54: {=INDIRECT(ADDRESS(B54+ROW($D$7),MATCH($D$7,$F$7:$Q$7,0)+5))} | E54: =报价及预中标!L48/4 | F54: 0.1 | G54: 0.1 | H54: 0.1 | I54: 0.1 | J54: 0.1 | K54: 0.3 | L54: 1 | M54: 1 | N54: 0.1 | O54: 0.1 | P54: 0.1 | Q54: 0.1
B55: 48 | C55: =IF(E55<0,1,0) | D55: {=INDIRECT(ADDRESS(B55+ROW($D$7),MATCH($D$7,$F$7:$Q$7,0)+5))} | E55: =报价及预中标!L49/4 | F55: 0.1 | G55: 0.1 | H55: 0.1 | I55: 0.1 | J55: 0.1 | K55: 0.3 | L55: 1 | M55: 1 | N55: 0.1 | O55: 0.1 | P55: 0.1 | Q55: 0.1
A56: 13 | B56: 49 | C56: =IF(E56<0,1,0) | D56: {=INDIRECT(ADDRESS(B56+ROW($D$7),MATCH($D$7,$F$7:$Q$7,0)+5))} | E56: =报价及预中标!L50/4 | F56: 0.1 | G56: 0.1 | H56: 0.1 | I56: 0.1 | J56: 0.1 | K56: 1 | L56: 1 | M56: 1 | N56: 0.1 | O56: 0.1 | P56: 0.1 | Q56: 0.1
B57: 50 | C57: =IF(E57<0,1,0) | D57: {=INDIRECT(ADDRESS(B57+ROW($D$7),MATCH($D$7,$F$7:$Q$7,0)+5))} | E57: =报价及预中标!L51/4 | F57: 0.1 | G57: 0.1 | H57: 0.1 | I57: 0.1 | J57: 0.1 | K57: 1 | L57: 1 | M57: 1 | N57: 0.1 | O57: 0.1 | P57: 0.1 | Q57: 0.1
B58: 51 | C58: =IF(E58<0,1,0) | D58: {=INDIRECT(ADDRESS(B58+ROW($D$7),MATCH($D$7,$F$7:$Q$7,0)+5))} | E58: =报价及预中标!L52/4 | F58: 0.1 | G58: 0.1 | H58: 0.1 | I58: 0.1 | J58: 0.1 | K58: 1 | L58: 1 | M58: 1 | N58: 0.1 | O58: 0.1 | P58: 0.1 | Q58: 0.1
B59: 52 | C59: =IF(E59<0,1,0) | D59: {=INDIRECT(ADDRESS(B59+ROW($D$7),MATCH($D$7,$F$7:$Q$7,0)+5))} | E59: =报价及预中标!L53/4 | F59: 0.1 | G59: 0.1 | H59: 0.1 | I59: 0.1 | J59: 0.1 | K59: 1 | L59: 1 | M59: 1 | N59: 0.1 | O59: 0.1 | P59: 0.1 | Q59: 0.1
A60: 14 | B60: 53 | C60: =IF(E60<0,1,0) | D60: {=INDIRECT(ADDRESS(B60+ROW($D$7),MATCH($D$7,$F$7:$Q$7,0)+5))} | E60: =报价及预中标!L54/4 | F60: 0.1 | G60: 0.1 | H60: 0.1 | I60: 0.1 | J60: 0.1 | K60: 1 | L60: 1 | M60: 1 | N60: 0.1 | O60: 0.1 | P60: 0.1 | Q60: 0.1
B61: 54 | C61: =IF(E61<0,1,0) | D61: {=INDIRECT(ADDRESS(B61+ROW($D$7),MATCH($D$7,$F$7:$Q$7,0)+5))} | E61: =报价及预中标!L55/4 | F61: 0.1 | G61: 0.1 | H61: 0.1 | I61: 0.1 | J61: 0.1 | K61: 1 | L61: 1 | M61: 1 | N61: 0.1 | O61: 0.1 | P61: 0.1 | Q61: 0.1
B62: 55 | C62: =IF(E62<0,1,0) | D62: {=INDIRECT(ADDRESS(B62+ROW($D$7),MATCH($D$7,$F$7:$Q$7,0)+5))} | E62: =报价及预中标!L56/4 | F62: 0.1 | G62: 0.1 | H62: 0.1 | I62: 0.1 | J62: 0.1 | K62: 1 | L62: 1 | M62: 1 | N62: 0.1 | O62: 0.1 | P62: 0.1 | Q62: 0.1
B63: 56 | C63: =IF(E63<0,1,0) | D63: {=INDIRECT(ADDRESS(B63+ROW($D$7),MATCH($D$7,$F$7:$Q$7,0)+5))} | E63: =报价及预中标!L57/4 | F63: 0.1 | G63: 0.1 | H63: 0.1 | I63: 0.1 | J63: 0.1 | K63: 1 | L63: 1 | M63: 1 | N63: 0.1 | O63: 0.1 | P63: 0.1 | Q63: 0.1
A64: 15 | B64: 57 | C64: =IF(E64<0,1,0) | D64: {=INDIRECT(ADDRESS(B64+ROW($D$7),MATCH($D$7,$F$7:$Q$7,0)+5))} | E64: =报价及预中标!L58/4 | F64: 0.3 | G64: 0.3 | H64: 0.3 | I64: 0.3 | J64: 0.3 | K64: 1 | L64: 1 | M64: 1 | N64: 0.3 | O64: 0.3 | P64: 0.3 | Q64: 0.3
B65: 58 | C65: =IF(E65<0,1,0) | D65: {=INDIRECT(ADDRESS(B65+ROW($D$7),MATCH($D$7,$F$7:$Q$7,0)+5))} | E65: =报价及预中标!L59/4 | F65: 0.3 | G65: 0.3 | H65: 0.3 | I65: 0.3 | J65: 0.3 | K65: 1 | L65: 1 | M65: 1 | N65: 0.3 | O65: 0.3 | P65: 0.3 | Q65: 0.3
B66: 59 | C66: =IF(E66<0,1,0) | D66: {=INDIRECT(ADDRESS(B66+ROW($D$7),MATCH($D$7,$F$7:$Q$7,0)+5))} | E66: =报价及预中标!L60/4 | F66: 0.3 | G66: 0.3 | H66: 0.3 | I66: 0.3 | J66: 0.3 | K66: 1 | L66: 1 | M66: 1 | N66: 0.3 | O66: 0.3 | P66: 0.3 | Q66: 0.3
B67: 60 | C67: =IF(E67<0,1,0) | D67: {=INDIRECT(ADDRESS(B67+ROW($D$7),MATCH($D$7,$F$7:$Q$7,0)+5))} | E67: =报价及预中标!L61/4 | F67: 0.3 | G67: 0.3 | H67: 0.3 | I67: 0.3 | J67: 0.3 | K67: 1 | L67: 1 | M67: 1 | N67: 0.3 | O67: 0.3 | P67: 0.3 | Q67: 0.3
A68: 16 | B68: 61 | C68: =IF(E68<0,1,0) | D68: {=INDIRECT(ADDRESS(B68+ROW($D$7),MATCH($D$7,$F$7:$Q$7,0)+5))} | E68: =报价及预中标!L62/4 | F68: 2 | G68: 2 | H68: 1 | I68: 1 | J68: 1 | K68: 1.7 | L68: 1.7 | M68: 1.7 | N68: 1.7 | O68: 1.7 | P68: 1.7 | Q68: 2
B69: 62 | C69: =IF(E69<0,1,0) | D69: {=INDIRECT(ADDRESS(B69+ROW($D$7),MATCH($D$7,$F$7:$Q$7,0)+5))} | E69: =报价及预中标!L63/4 | F69: 2 | G69: 2 | H69: 1 | I69: 1 | J69: 1 | K69: 1.7 | L69: 1.7 | M69: 1.7 | N69: 1.7 | O69: 1.7 | P69: 1.7 | Q69: 2
B70: 63 | C70: =IF(E70<0,1,0) | D70: {=INDIRECT(ADDRESS(B70+ROW($D$7),MATCH($D$7,$F$7:$Q$7,0)+5))} | E70: =报价及预中标!L64/4 | F70: 2 | G70: 2 | H70: 1 | I70: 1 | J70: 1 | K70: 1.7 | L70: 1.7 | M70: 1.7 | N70: 1.7 | O70: 1.7 | P70: 1.7 | Q70: 2
B71: 64 | C71: =IF(E71<0,1,0) | D71: {=INDIRECT(ADDRESS(B71+ROW($D$7),MATCH($D$7,$F$7:$Q$7,0)+5))} | E71: =报价及预中标!L65/4 | F71: 2 | G71: 2 | H71: 1 | I71: 1 | J71: 1 | K71: 1.7 | L71: 1.7 | M71: 1.7 | N71: 1.7 | O71: 1.7 | P71: 1.7 | Q71: 2
A72: 17 | B72: 65 | C72: =IF(E72<0,1,0) | D72: {=INDIRECT(ADDRESS(B72+ROW($D$7),MATCH($D$7,$F$7:$Q$7,0)+5))} | E72: =报价及预中标!L66/4 | F72: 2 | G72: 2 | H72: 2 | I72: 2 | J72: 2 | K72: 2 | L72: 2 | M72: 2 | N72: 2 | O72: 2 | P72: 2 | Q72: 2
B73: 66 | C73: =IF(E73<0,1,0) | D73: {=INDIRECT(ADDRESS(B73+ROW($D$7),MATCH($D$7,$F$7:$Q$7,0)+5))} | E73: =报价及预中标!L67/4 | F73: 2 | G73: 2 | H73: 2 | I73: 2 | J73: 2 | K73: 2 | L73: 2 | M73: 2 | N73: 2 | O73: 2 | P73: 2 | Q73: 2
B74: 67 | C74: =IF(E74<0,1,0) | D74: {=INDIRECT(ADDRESS(B74+ROW($D$7),MATCH($D$7,$F$7:$Q$7,0)+5))} | E74: =报价及预中标!L68/4 | F74: 2 | G74: 2 | H74: 2 | I74: 2 | J74: 2 | K74: 2 | L74: 2 | M74: 2 | N74: 2 | O74: 2 | P74: 2 | Q74: 2
B75: 68 | C75: =IF(E75<0,1,0) | D75: {=INDIRECT(ADDRESS(B75+ROW($D$7),MATCH($D$7,$F$7:$Q$7,0)+5))} | E75: =报价及预中标!L69/4 | F75: 2 | G75: 2 | H75: 2 | I75: 2 | J75: 2 | K75: 2 | L75: 2 | M75: 2 | N75: 2 | O75: 2 | P75: 2 | Q75: 2
A76: 18 | B76: 69 | C76: =IF(E76<0,1,0) | D76: {=INDIRECT(ADDRESS(B76+ROW($D$7),MATCH($D$7,$F$7:$Q$7,0)+5))} | E76: =报价及预中标!L70/4 | F76: 2 | G76: 2 | H76: 2 | I76: 2 | J76: 2 | K76: 2 | L76: 2 | M76: 2 | N76: 2 | O76: 2 | P76: 2 | Q76: 2
B77: 70 | C77: =IF(E77<0,1,0) | D77: {=INDIRECT(ADDRESS(B77+ROW($D$7),MATCH($D$7,$F$7:$Q$7,0)+5))} | E77: =报价及预中标!L71/4 | F77: 2 | G77: 2 | H77: 2 | I77: 2 | J77: 2 | K77: 2 | L77: 2 | M77: 2 | N77: 2 | O77: 2 | P77: 2 | Q77: 2
B78: 71 | C78: =IF(E78<0,1,0) | D78: {=INDIRECT(ADDRESS(B78+ROW($D$7),MATCH($D$7,$F$7:$Q$7,0)+5))} | E78: =报价及预中标!L72/4 | F78: 2 | G78: 2 | H78: 2 | I78: 2 | J78: 2 | K78: 2 | L78: 2 | M78: 2 | N78: 2 | O78: 2 | P78: 2 | Q78: 2
B79: 72 | C79: =IF(E79<0,1,0) | D79: {=INDIRECT(ADDRESS(B79+ROW($D$7),MATCH($D$7,$F$7:$Q$7,0)+5))} | E79: =报价及预中标!L73/4 | F79: 2 | G79: 2 | H79: 2 | I79: 2 | J79: 2 | K79: 2 | L79: 2 | M79: 2 | N79: 2 | O79: 2 | P79: 2 | Q79: 2
A80: 19 | B80: 73 | C80: =IF(E80<0,1,0) | D80: {=INDIRECT(ADDRESS(B80+ROW($D$7),MATCH($D$7,$F$7:$Q$7,0)+5))} | E80: =报价及预中标!L74/4 | F80: 2 | G80: 2 | H80: 2 | I80: 2 | J80: 2 | K80: 2 | L80: 2 | M80: 2 | N80: 2 | O80: 2 | P80: 2 | Q80: 2
B81: 74 | C81: =IF(E81<0,1,0) | D81: {=INDIRECT(ADDRESS(B81+ROW($D$7),MATCH($D$7,$F$7:$Q$7,0)+5))} | E81: =报价及预中标!L75/4 | F81: 2 | G81: 2 | H81: 2 | I81: 2 | J81: 2 | K81: 2 | L81: 2 | M81: 2 | N81: 2 | O81: 2 | P81: 2 | Q81: 2
B82: 75 | C82: =IF(E82<0,1,0) | D82: {=INDIRECT(ADDRESS(B82+ROW($D$7),MATCH($D$7,$F$7:$Q$7,0)+5))} | E82: =报价及预中标!L76/4 | F82: 2 | G82: 2 | H82: 2 | I82: 2 | J82: 2 | K82: 2 | L82: 2 | M82: 2 | N82: 2 | O82: 2 | P82: 2 | Q82: 2
B83: 76 | C83: =IF(E83<0,1,0) | D83: {=INDIRECT(ADDRESS(B83+ROW($D$7),MATCH($D$7,$F$7:$Q$7,0)+5))} | E83: =报价及预中标!L77/4 | F83: 2 | G83: 2 | H83: 2 | I83: 2 | J83: 2 | K83: 2 | L83: 2 | M83: 2 | N83: 2 | O83: 2 | P83: 2 | Q83: 2
A84: 20 | B84: 77 | C84: =IF(E84<0,1,0) | D84: {=INDIRECT(ADDRESS(B84+ROW($D$7),MATCH($D$7,$F$7:$Q$7,0)+5))} | E84: =报价及预中标!L78/4 | F84: 1.7 | G84: 1.7 | H84: 2 | I84: 2 | J84: 2 | K84: 2 | L84: 2 | M84: 2 | N84: 1.7 | O84: 1.7 | P84: 1.7 | Q84: 1.7
B85: 78 | C85: =IF(E85<0,1,0) | D85: {=INDIRECT(ADDRESS(B85+ROW($D$7),MATCH($D$7,$F$7:$Q$7,0)+5))} | E85: =报价及预中标!L79/4 | F85: 1.7 | G85: 1.7 | H85: 2 | I85: 2 | J85: 2 | K85: 2 | L85: 2 | M85: 2 | N85: 1.7 | O85: 1.7 | P85: 1.7 | Q85: 1.7
B86: 79 | C86: =IF(E86<0,1,0) | D86: {=INDIRECT(ADDRESS(B86+ROW($D$7),MATCH($D$7,$F$7:$Q$7,0)+5))} | E86: =报价及预中标!L80/4 | F86: 1.7 | G86: 1.7 | H86: 2 | I86: 2 | J86: 2 | K86: 2 | L86: 2 | M86: 2 | N86: 1.7 | O86: 1.7 | P86: 1.7 | Q86: 1.7
B87: 80 | C87: =IF(E87<0,1,0) | D87: {=INDIRECT(ADDRESS(B87+ROW($D$7),MATCH($D$7,$F$7:$Q$7,0)+5))} | E87: =报价及预中标!L81/4 | F87: 1.7 | G87: 1.7 | H87: 2 | I87: 2 | J87: 2 | K87: 2 | L87: 2 | M87: 2 | N87: 1.7 | O87: 1.7 | P87: 1.7 | Q87: 1.7
A88: 21 | B88: 81 | C88: =IF(E88<0,1,0) | D88: {=INDIRECT(ADDRESS(B88+ROW($D$7),MATCH($D$7,$F$7:$Q$7,0)+5))} | E88: =报价及预中标!L82/4 | F88: 1.7 | G88: 1.7 | H88: 1.7 | I88: 1.7 | J88: 1.7 | K88: 2 | L88: 2 | M88: 2 | N88: 1.7 | O88: 1.7 | P88: 1.7 | Q88: 1.7
B89: 82 | C89: =IF(E89<0,1,0) | D89: {=INDIRECT(ADDRESS(B89+ROW($D$7),MATCH($D$7,$F$7:$Q$7,0)+5))} | E89: =报价及预中标!L83/4 | F89: 1.7 | G89: 1.7 | H89: 1.7 | I89: 1.7 | J89: 1.7 | K89: 2 | L89: 2 | M89: 2 | N89: 1.7 | O89: 1.7 | P89: 1.7 | Q89: 1.7
B90: 83 | C90: =IF(E90<0,1,0) | D90: {=INDIRECT(ADDRESS(B90+ROW($D$7),MATCH($D$7,$F$7:$Q$7,0)+5))} | E90: =报价及预中标!L84/4 | F90: 1.7 | G90: 1.7 | H90: 1.7 | I90: 1.7 | J90: 1.7 | K90: 2 | L90: 2 | M90: 2 | N90: 1.7 | O90: 1.7 | P90: 1.7 | Q90: 1.7
B91: 84 | C91: =IF(E91<0,1,0) | D91: {=INDIRECT(ADDRESS(B91+ROW($D$7),MATCH($D$7,$F$7:$Q$7,0)+5))} | E91: =报价及预中标!L85/4 | F91: 1.7 | G91: 1.7 | H91: 1.7 | I91: 1.7 | J91: 1.7 | K91: 2 | L91: 2 | M91: 2 | N91: 1.7 | O91: 1.7 | P91: 1.7 | Q91: 1.7
A92: 22 | B92: 85 | C92: =IF(E92<0,1,0) | D92: {=INDIRECT(ADDRESS(B92+ROW($D$7),MATCH($D$7,$F$7:$Q$7,0)+5))} | E92: =报价及预中标!L86/4 | F92: 1 | G92: 1 | H92: 1.7 | I92: 1.7 | J92: 1.7 | K92: 2 | L92: 2 | M92: 2 | N92: 1 | O92: 1 | P92: 1 | Q92: 1
B93: 86 | C93: =IF(E93<0,1,0) | D93: {=INDIRECT(ADDRESS(B93+ROW($D$7),MATCH($D$7,$F$7:$Q$7,0)+5))} | E93: =报价及预中标!L87/4 | F93: 1 | G93: 1 | H93: 1.7 | I93: 1.7 | J93: 1.7 | K93: 2 | L93: 2 | M93: 2 | N93: 1 | O93: 1 | P93: 1 | Q93: 1
B94: 87 | C94: =IF(E94<0,1,0) | D94: {=INDIRECT(ADDRESS(B94+ROW($D$7),MATCH($D$7,$F$7:$Q$7,0)+5))} | E94: =报价及预中标!L88/4 | F94: 1 | G94: 1 | H94: 1.7 | I94: 1.7 | J94: 1.7 | K94: 2 | L94: 2 | M94: 2 | N94: 1 | O94: 1 | P94: 1 | Q94: 1
B95: 88 | C95: =IF(E95<0,1,0) | D95: {=INDIRECT(ADDRESS(B95+ROW($D$7),MATCH($D$7,$F$7:$Q$7,0)+5))} | E95: =报价及预中标!L89/4 | F95: 1 | G95: 1 | H95: 1.7 | I95: 1.7 | J95: 1.7 | K95: 2 | L95: 2 | M95: 2 | N95: 1 | O95: 1 | P95: 1 | Q95: 1
A96: 23 | B96: 89 | C96: =IF(E96<0,1,0) | D96: {=INDIRECT(ADDRESS(B96+ROW($D$7),MATCH($D$7,$F$7:$Q$7,0)+5))} | E96: =报价及预中标!L90/4 | F96: 1 | G96: 1 | H96: 1 | I96: 1 | J96: 1 | K96: 1.7 | L96: 1.7 | M96: 1.7 | N96: 1 | O96: 1 | P96: 1 | Q96: 1
B97: 90 | C97: =IF(E97<0,1,0) | D97: {=INDIRECT(ADDRESS(B97+ROW($D$7),MATCH($D$7,$F$7:$Q$7,0)+5))} | E97: =报价及预中标!L91/4 | F97: 1 | G97: 1 | H97: 1 | I97: 1 | J97: 1 | K97: 1.7 | L97: 1.7 | M97: 1.7 | N97: 1 | O97: 1 | P97: 1 | Q97: 1
B98: 91 | C98: =IF(E98<0,1,0) | D98: {=INDIRECT(ADDRESS(B98+ROW($D$7),MATCH($D$7,$F$7:$Q$7,0)+5))} | E98: =报价及预中标!L92/4 | F98: 1 | G98: 1 | H98: 1 | I98: 1 | J98: 1 | K98: 1.7 | L98: 1.7 | M98: 1.7 | N98: 1 | O98: 1 | P98: 1 | Q98: 1
B99: 92 | C99: =IF(E99<0,1,0) | D99: {=INDIRECT(ADDRESS(B99+ROW($D$7),MATCH($D$7,$F$7:$Q$7,0)+5))} | E99: =报价及预中标!L93/4 | F99: 1 | G99: 1 | H99: 1 | I99: 1 | J99: 1 | K99: 1.7 | L99: 1.7 | M99: 1.7 | N99: 1 | O99: 1 | P99: 1 | Q99: 1
A100: 24 | B100: 93 | C100: =IF(E100<0,1,0) | D100: {=INDIRECT(ADDRESS(B100+ROW($D$7),MATCH($D$7,$F$7:$Q$7,0)+5))} | E100: =报价及预中标!L94/4 | F100: 1 | G100: 1 | H100: 1 | I100: 1 | J100: 1 | K100: 1 | L100: 1 | M100: 1 | N100: 1 | O100: 1 | P100: 1 | Q100: 1
B101: 94 | C101: =IF(E101<0,1,0) | D101: {=INDIRECT(ADDRESS(B101+ROW($D$7),MATCH($D$7,$F$7:$Q$7,0)+5))} | E101: =报价及预中标!L95/4 | F101: 1 | G101: 1 | H101: 1 | I101: 1 | J101: 1 | K101: 1 | L101: 1 | M101: 1 | N101: 1 | O101: 1 | P101: 1 | Q101: 1
B102: 95 | C102: =IF(E102<0,1,0) | D102: {=INDIRECT(ADDRESS(B102+ROW($D$7),MATCH($D$7,$F$7:$Q$7,0)+5))} | E102: =报价及预中标!L96/4 | F102: 1 | G102: 1 | H102: 1 | I102: 1 | J102: 1 | K102: 1 | L102: 1 | M102: 1 | N102: 1 | O102: 1 | P102: 1 | Q102: 1
B103: 96 | C103: =IF(E103<0,1,0) | D103: {=INDIRECT(ADDRESS(B103+ROW($D$7),MATCH($D$7,$F$7:$Q$7,0)+5))} | E103: =报价及预中标!L97/4 | F103: 1 | G103: 1 | H103: 1 | I103: 1 | J103: 1 | K103: 1 | L103: 1 | M103: 1 | N103: 1 | O103: 1 | P103: 1 | Q103: 1
