Workbook

Sheet 充放测算
A1: 储能每日充放测算
A2: 充电支出 | L2: 放电收入 | O2: 现货收益 | P2: 其他
A3: 充电均价(元/MWh) | B3: 充电电量(MWh) | C3: 交易充电费用(元) | D3: 上网线损(元) | E3: 输配电费(元) | F3: 政府基金(元) | G3: 系统运行(元) | H3: 容量分摊(元) | I3: 容量分摊系数 | J3: 现货交易外发生总费用 | K3: 充电总费用(元) | L3: 放电均价(元/MWh) | M3: 放电电量(MWh) | N3: 放电电费(元) | O3: 现货收益（元） | P3: 综合效率 | Q3: 充放价差(元/MWh)
A4: =报价及预中标!B26 -> -84.971217 | B4: =报价及预中标!B25 -> -180.3675 | C4: =A4*B4 -> 15326.046 | D4: =$B$4*H12 -> -595.21275 | E4: =B4*(1-P4)*H8 -> -1822.5703 | F4: =B4*(1-P4)*H9 -> -258.02808 | G4: =$B$4*H13 -> 523.06575 | H4: =容量分摊系数!F5 -> -16694.682 | I4: =容量分摊系数!C3 -> 1.3128973 | J4: =SUM(D4:H4) -> -18847.427 | K4: =C4+D4+E4+F4+G4+H4 -> -3521.3813 | L4: =报价及预中标!D26 -> 610.00037 | M4: =报价及预中标!D25 -> 170.87 | N4: =L4*M4 -> 104230.76 | O4: =N4+K4 -> 100709.38 | P4: =-M4/B4 -> 0.94734362 | Q4: =L4-A4 -> 694.97158
A6: 说明 | B6: 根据预测电价，输入充电均价，放电均价。根据充电时段计算出对于的容量分摊系数，计入容量分摊。
A7: 1 | B7: 充电均价（元 / MWh）输入限制：-100 至 800；
A8: 2 | B8: 输配电价（元 / MWh）设置：收取损耗部分输配电价； | H8: 191.9 | I8: 政府核定
A9: 3 | B9: 政府基金（元 /M Wh）设置：收取损耗部分输配电价； | H9: 27.168 | I9: 政府核定
A10: 4 | B10: 综合效率设置：60% 至 100%；
A11: 5 | B11: 放电均价（元 / MWh）输入限制：100 至 1500；
A12: 6 | B12: 上网环节线损费用； | H12: 3.3
A13: 7 | B13: 系统运行费用； | H13: -2.9
A14: 8 | B14: 容量分摊：按季度分为4种类型，详见附表；
A15: 9 | B15: 根据选择的充电时段，计算容量分摊系数。

Sheet 报价及预中标
A1: 假设 | G1: 时点序号 | I1: 时点 | J1: 统一结算日前 | K1: 节点日前 | L1: 真实充电中标 | M1: 真实放电中标 | N1: 充放电曲线
A2: 1. 中标按最大值中标，如[-100,-95],按-100中标，[0,95]，按95中标 | G2: 1 | H2: 20250607 0015 | I2: =RIGHT(H2,4) -> 0015 | J2: 590.8 | K2: 590.8 | L2: =IF(N2<=0, N2, 0) -> -0.02 | M2: =IF(N2>=0, N2, 0) -> 0 | N2: -0.02
G3: 2 | H3: 20250607 0030 | I3: =RIGHT(H3,4) -> 0030 | J3: 497.54 | K3: 497.54 | L3: =IF(N3<=0, N3, 0) -> 0 | M3: =IF(N3>=0, N3, 0) -> 0 | N3: 0
G4: 3 | H4: 20250607 0045 | I4: =RIGHT(H4,4) -> 0045 | J4: 458.12 | K4: 458.12 | L4: =IF(N4<=0, N4, 0) -> 0 | M4: =IF(N4>=0, N4, 0) -> 0 | N4: 0
A5: 序号 | B5: 类型 | C5: 开始出力（MW） | D5: 结束出力（MW） | E5: 报价（元/MWh） | G5: 4 | H5: 20250607 0100 | I5: =RIGHT(H5,4) -> 0100 | J5: 470.84 | K5: 470.84 | L5: =IF(N5<=0, N5, 0) -> 0 | M5: =IF(N5>=0, N5, 0) -> 0 | N5: 0
A6: 1 | B6: 充电 | C6: -100 | D6: -95 | E6: 0 | G6: 5 | H6: 20250607 0115 | I6: =RIGHT(H6,4) -> 0115 | J6: 468.4 | K6: 468.4 | L6: =IF(N6<=0, N6, 0) -> 0 | M6: =IF(N6>=0, N6, 0) -> 0 | N6: 0
A7: 2 | B7: 充电 | C7: -95 | D7: 0 | E7: 100 | G7: 6 | H7: 20250607 0130 | I7: =RIGHT(H7,4) -> 0130 | J7: 454.231 | K7: 454.231 | L7: =IF(N7<=0, N7, 0) -> 0 | M7: =IF(N7>=0, N7, 0) -> 0 | N7: 0
A8: 3 | B8: 充电 | G8: 7 | H8: 20250607 0145 | I8: =RIGHT(H8,4) -> 0145 | J8: 450.08 | K8: 450.08 | L8: =IF(N8<=0, N8, 0) -> 0 | M8: =IF(N8>=0, N8, 0) -> 0 | N8: 0
A9: 4 | B9: 充电 | G9: 8 | H9: 20250607 0200 | I9: =RIGHT(H9,4) -> 0200 | J9: 429.68 | K9: 429.68 | L9: =IF(N9<=0, N9, 0) -> 0 | M9: =IF(N9>=0, N9, 0) -> 0 | N9: 0
A10: 5 | B10: 充电 | G10: 9 | H10: 20250607 0215 | I10: =RIGHT(H10,4) -> 0215 | J10: 424 | K10: 424 | L10: =IF(N10<=0, N10, 0) -> 0 | M10: =IF(N10>=0, N10, 0) -> 0 | N10: 0
A11: 6 | B11: 放电 | C11: 0 | D11: 95 | E11: 250 | G11: 10 | H11: 20250607 0230 | I11: =RIGHT(H11,4) -> 0230 | J11: 417.44 | K11: 417.44 | L11: =IF(N11<=0, N11, 0) -> 0 | M11: =IF(N11>=0, N11, 0) -> 0 | N11: 0
A12: 7 | B12: 放电 | C12: 95 | D12: 100 | E12: 300 | G12: 11 | H12: 20250607 0245 | I12: =RIGHT(H12,4) -> 0245 | J12: 408 | K12: 408 | L12: =IF(N12<=0, N12, 0) -> 0 | M12: =IF(N12>=0, N12, 0) -> 0 | N12: 0
A13: 8 | B13: 放电 | G13: 12 | H13: 20250607 0300 | I13: =RIGHT(H13,4) -> 0300 | J13: 390 | K13: 390 | L13: =IF(N13<=0, N13, 0) -> 0 | M13: =IF(N13>=0, N13, 0) -> 0 | N13: 0
A14: 9 | B14: 放电 | G14: 13 | H14: 20250607 0315 | I14: =RIGHT(H14,4) -> 0315 | J14: 388.96 | K14: 388.96 | L14: =IF(N14<=0, N14, 0) -> 0 | M14: =IF(N14>=0, N14, 0) -> 0 | N14: 0
A15: 10 | B15: 放电 | G15: 14 | H15: 20250607 0330 | I15: =RIGHT(H15,4) -> 0330 | J15: 390.06 | K15: 390.06 | L15: =IF(N15<=0, N15, 0) -> 0 | M15: =IF(N15>=0, N15, 0) -> 0 | N15: 0
G16: 15 | H16: 20250607 0345 | I16: =RIGHT(H16,4) -> 0345 | J16: 395.88 | K16: 395.88 | L16: =IF(N16<=0, N16, 0) -> 0 | M16: =IF(N16>=0, N16, 0) -> 0 | N16: 0
G17: 16 | H17: 20250607 0400 | I17: =RIGHT(H17,4) -> 0400 | J17: 392 | K17: 392 | L17: =IF(N17<=0, N17, 0) -> 0 | M17: =IF(N17>=0, N17, 0) -> 0 | N17: 0
A18: 初始电量（MWh) | B18: 0 | G18: 17 | H18: 20250607 0415 | I18: =RIGHT(H18,4) -> 0415 | J18: 404.4 | K18: 404.4 | L18: =IF(N18<=0, N18, 0) -> 0 | M18: =IF(N18>=0, N18, 0) -> 0 | N18: 0
A19: 额定装机（MW） | B19: 100 | G19: 18 | H19: 20250607 0430 | I19: =RIGHT(H19,4) -> 0430 | J19: 404 | K19: 404 | L19: =IF(N19<=0, N19, 0) -> 0 | M19: =IF(N19>=0, N19, 0) -> 0 | N19: 0
A20: 最大电量（MWh) | B20: 180 | G20: 19 | H20: 20250607 0445 | I20: =RIGHT(H20,4) -> 0445 | J20: 432.14 | K20: 432.14 | L20: =IF(N20<=0, N20, 0) -> 0 | M20: =IF(N20>=0, N20, 0) -> 0 | N20: 0
A21: 综合使用效率 | B21: 0.9 | G21: 20 | H21: 20250607 0500 | I21: =RIGHT(H21,4) -> 0500 | J21: 448.58 | K21: 448.58 | L21: =IF(N21<=0, N21, 0) -> 0 | M21: =IF(N21>=0, N21, 0) -> 0 | N21: 0
G22: 21 | H22: 20250607 0515 | I22: =RIGHT(H22,4) -> 0515 | J22: 458 | K22: 458 | L22: =IF(N22<=0, N22, 0) -> 0 | M22: =IF(N22>=0, N22, 0) -> 0.01 | N22: 0.01
G23: 22 | H23: 20250607 0530 | I23: =RIGHT(H23,4) -> 0530 | J23: 458 | K23: 458 | L23: =IF(N23<=0, N23, 0) -> 0 | M23: =IF(N23>=0, N23, 0) -> 0 | N23: 0
G24: 23 | H24: 20250607 0545 | I24: =RIGHT(H24,4) -> 0545 | J24: 378 | K24: 378 | L24: =IF(N24<=0, N24, 0) -> 0 | M24: =IF(N24>=0, N24, 0) -> 0 | N24: 0
A25: 充电电量（MWh) | B25: =SUM(L:L)/4 -> -180.3675 | C25: 放电电量（MWh) | D25: =SUM(M:M)/4 -> 170.87 | G25: 24 | H25: 20250607 0600 | I25: =RIGHT(H25,4) -> 0600 | J25: 342.78 | K25: 342.78 | L25: =IF(N25<=0, N25, 0) -> 0 | M25: =IF(N25>=0, N25, 0) -> 0 | N25: 0
A26: 充电均价(元/MWh） | B26: =B27/B25 -> -84.971217 | C26: 放电均价(元/MWh） | D26: =D27/D25 -> 610.00037 | G26: 25 | H26: 20250607 0615 | I26: =RIGHT(H26,4) -> 0615 | J26: 179.2 | K26: 179.2 | L26: =IF(N26<=0, N26, 0) -> 0 | M26: =IF(N26>=0, N26, 0) -> 0 | N26: 0
A27: 充电费用（元,正数代表收入） | B27: =SUMPRODUCT(J:J,L:L)/4 -> 15326.046 | C27: 放电收益（元,正数代表收入） | D27: {=SUMPRODUCT(K:K,M:M)/4} -> 104230.76 | G27: 26 | H27: 20250607 0630 | I27: =RIGHT(H27,4) -> 0630 | J27: -80 | K27: -80 | L27: =IF(N27<=0, N27, 0) -> 0 | M27: =IF(N27>=0, N27, 0) -> 0 | N27: 0
A28: 充放电价差(元/MWh） | B28: =D26-B26 -> 694.97158 | C28: 充放电收益(元/MWh） | D28: =D27+B27 -> 119556.81 | G28: 27 | H28: 20250607 0645 | I28: =RIGHT(H28,4) -> 0645 | J28: -80 | K28: -80 | L28: =IF(N28<=0, N28, 0) -> 0 | M28: =IF(N28>=0, N28, 0) -> 0 | N28: 0
G29: 28 | H29: 20250607 0700 | I29: =RIGHT(H29,4) -> 0700 | J29: -80 | K29: -80 | L29: =IF(N29<=0, N29, 0) -> 0 | M29: =IF(N29>=0, N29, 0) -> 0 | N29: 0
D30: =充放测算!O4 -> 100709.38 | G30: 29 | H30: 20250607 0715 | I30: =RIGHT(H30,4) -> 0715 | J30: -80 | K30: -80 | L30: =IF(N30<=0, N30, 0) -> 0 | M30: =IF(N30>=0, N30, 0) -> 0 | N30: 0
G31: 30 | H31: 20250607 0730 | I31: =RIGHT(H31,4) -> 0730 | J31: 310.088 | K31: 310.088 | L31: =IF(N31<=0, N31, 0) -> 0 | M31: =IF(N31>=0, N31, 0) -> 0 | N31: 0
G32: 31 | H32: 20250607 0745 | I32: =RIGHT(H32,4) -> 0745 | J32: -0.07 | K32: -0.07 | L32: =IF(N32<=0, N32, 0) -> 0 | M32: =IF(N32>=0, N32, 0) -> 0 | N32: 0
G33: 32 | H33: 20250607 0800 | I33: =RIGHT(H33,4) -> 0800 | J33: -100 | K33: -100 | L33: =IF(N33<=0, N33, 0) -> -60 | M33: =IF(N33>=0, N33, 0) -> 0 | N33: -60
A34: 序号 | B34: 类型 | C34: 开始出力（MW） | D34: 结束出力（MW） | E34: 报价(元/MWh) | G34: 33 | H34: 20250607 0815 | I34: =RIGHT(H34,4) -> 0815 | J34: -100 | K34: -100 | L34: =IF(N34<=0, N34, 0) -> 0 | M34: =IF(N34>=0, N34, 0) -> 0 | N34: 0
G35: 34 | H35: 20250607 0830 | I35: =RIGHT(H35,4) -> 0830 | J35: -100 | K35: -100 | L35: =IF(N35<=0, N35, 0) -> -60 | M35: =IF(N35>=0, N35, 0) -> 0 | N35: -60
A36: 1 | B36: 充电 | C36: -100 | D36: -95 | E36: 0 | G36: 35 | H36: 20250607 0845 | I36: =RIGHT(H36,4) -> 0845 | J36: -100 | K36: -100 | L36: =IF(N36<=0, N36, 0) -> -60 | M36: =IF(N36>=0, N36, 0) -> 0 | N36: -60
A37: 2 | B37: 充电 | C37: -95 | D37: 0 | E37: 150 | G37: 36 | H37: 20250607 0900 | I37: =RIGHT(H37,4) -> 0900 | J37: -80 | K37: -80 | L37: =IF(N37<=0, N37, 0) -> 0 | M37: =IF(N37>=0, N37, 0) -> 0 | N37: 0
A38: 3 | B38: 放电 | C38: 0 | D38: 95 | E38: 280 | G38: 37 | H38: 20250607 0915 | I38: =RIGHT(H38,4) -> 0915 | J38: -80 | K38: -80 | L38: =IF(N38<=0, N38, 0) -> 0 | M38: =IF(N38>=0, N38, 0) -> 0 | N38: 0
A39: 4 | B39: 放电 | C39: 95 | D39: 100 | E39: 350 | G39: 38 | H39: 20250607 0930 | I39: =RIGHT(H39,4) -> 0930 | J39: -80 | K39: -80 | L39: =IF(N39<=0, N39, 0) -> 0 | M39: =IF(N39>=0, N39, 0) -> 0 | N39: 0
G40: 39 | H40: 20250607 0945 | I40: =RIGHT(H40,4) -> 0945 | J40: -80 | K40: -80 | L40: =IF(N40<=0, N40, 0) -> 0 | M40: =IF(N40>=0, N40, 0) -> 0 | N40: 0
G41: 40 | H41: 20250607 1000 | I41: =RIGHT(H41,4) -> 1000 | J41: -80 | K41: -80 | L41: =IF(N41<=0, N41, 0) -> 0 | M41: =IF(N41>=0, N41, 0) -> 0 | N41: 0
G42: 41 | H42: 20250607 1015 | I42: =RIGHT(H42,4) -> 1015 | J42: -80 | K42: -80 | L42: =IF(N42<=0, N42, 0) -> 0 | M42: =IF(N42>=0, N42, 0) -> 0 | N42: 0
G43: 42 | H43: 20250607 1030 | I43: =RIGHT(H43,4) -> 1030 | J43: -80 | K43: -80 | L43: =IF(N43<=0, N43, 0) -> 0 | M43: =IF(N43>=0, N43, 0) -> 0 | N43: 0
G44: 43 | H44: 20250607 1045 | I44: =RIGHT(H44,4) -> 1045 | J44: -80 | K44: -80 | L44: =IF(N44<=0, N44, 0) -> 0 | M44: =IF(N44>=0, N44, 0) -> 0 | N44: 0
G45: 44 | H45: 20250607 1100 | I45: =RIGHT(H45,4) -> 1100 | J45: -80 | K45: -80 | L45: =IF(N45<=0, N45, 0) -> 0 | M45: =IF(N45>=0, N45, 0) -> 0 | N45: 0
G46: 45 | H46: 20250607 1115 | I46: =RIGHT(H46,4) -> 1115 | J46: -80 | K46: -80 | L46: =IF(N46<=0, N46, 0) -> 0 | M46: =IF(N46>=0, N46, 0) -> 0 | N46: 0
G47: 46 | H47: 20250607 1130 | I47: =RIGHT(H47,4) -> 1130 | J47: -80 | K47: -80 | L47: =IF(N47<=0, N47, 0) -> 0 | M47: =IF(N47>=0, N47, 0) -> 0 | N47: 0
G48: 47 | H48: 20250607 1145 | I48: =RIGHT(H48,4) -> 1145 | J48: -80 | K48: -80 | L48: =IF(N48<=0, N48, 0) -> 0 | M48: =IF(N48>=0, N48, 0) -> 0 | N48: 0
G49: 48 | H49: 20250607 1200 | I49: =RIGHT(H49,4) -> 1200 | J49: -80 | K49: -80 | L49: =IF(N49<=0, N49, 0) -> 0 | M49: =IF(N49>=0, N49, 0) -> 0 | N49: 0
G50: 49 | H50: 20250607 1215 | I50: =RIGHT(H50,4) -> 1215 | J50: -80 | K50: -80 | L50: =IF(N50<=0, N50, 0) -> 0 | M50: =IF(N50>=0, N50, 0) -> 0 | N50: 0
G51: 50 | H51: 20250607 1230 | I51: =RIGHT(H51,4) -> 1230 | J51: -80 | K51: -80 | L51: =IF(N51<=0, N51, 0) -> 0 | M51: =IF(N51>=0, N51, 0) -> 0 | N51: 0
... G97: 96 | H97: 20250607 2400 | I97: =RIGHT(H97,4) -> 2400 | J97: 638 | K97: 638 | L97: =IF(N97<=0, N97, 0) -> 0 | M97: =IF(N97>=0, N97, 0) -> 0 | N97: 0
N98: 0
N99: 0
N100: 0

Sheet 容量分摊系数
A1: 容量电价 | C1: 70.5
A3: 容量分摊系数 系数 | C3: =F5/E5/C1 -> 1.3128973
E5: =SUM(E8:E103) -> -180.3675 | F5: =SUM(F8:F103) -> -16694.682
A6: 时点 | B6: 刻钟点 | C6: 是否充电 | D6: 当前月份 | E6: 充电电量 | F6: 容量分摊费用 | G6: 容量分摊系数（2026年）
D7: 8月 | G7: 1月 | H7: 2月 | I7: 3月 | J7: 4月 | K7: 5月 | L7: 6月 | M7: 7月 | N7: 8月 | O7: 9月 | P7: 10月 | Q7: 11月 | R7: 12月
A8: 1 | B8: 1 | C8: =IF(E8<0,1,0) -> 1 | D8: =INDIRECT(ADDRESS(B8+ROW($D$7),MATCH($D$7,$G$7:$R$7,0)+5)) -> 0.3 | E8: =报价及预中标!L2/4 -> -0.005 | F8: =E8*D8*$C$1 -> -0.10575 | G8: 1 | H8: 1 | I8: 1 | J8: 1 | K8: 1 | L8: 1 | M8: 0.3 | N8: 0.3 | O8: 1 | P8: 1 | Q8: 1 | R8: 1
B9: 2 | C9: =IF(E9<0,1,0) -> 0 | D9: {=INDIRECT(ADDRESS(B9+ROW($D$7),MATCH($D$7,$G$7:$R$7,0)+5))} -> 0.3 | E9: =报价及预中标!L3/4 -> 0 | F9: =E9*D9*$C$1 -> 0 | G9: 1 | H9: 1 | I9: 1 | J9: 1 | K9: 1 | L9: 1 | M9: 0.3 | N9: 0.3 | O9: 1 | P9: 1 | Q9: 1 | R9: 1
B10: 3 | C10: =IF(E10<0,1,0) -> 0 | D10: {=INDIRECT(ADDRESS(B10+ROW($D$7),MATCH($D$7,$G$7:$R$7,0)+5))} -> 0.3 | E10: =报价及预中标!L4/4 -> 0 | F10: =E10*D10*$C$1 -> 0 | G10: 1 | H10: 1 | I10: 1 | J10: 1 | K10: 1 | L10: 1 | M10: 0.3 | N10: 0.3 | O10: 1 | P10: 1 | Q10: 1 | R10: 1
B11: 4 | C11: =IF(E11<0,1,0) -> 0 | D11: {=INDIRECT(ADDRESS(B11+ROW($D$7),MATCH($D$7,$G$7:$R$7,0)+5))} -> 0.3 | E11: =报价及预中标!L5/4 -> 0 | F11: =E11*D11*$C$1 -> 0 | G11: 1 | H11: 1 | I11: 1 | J11: 1 | K11: 1 | L11: 1 | M11: 0.3 | N11: 0.3 | O11: 1 | P11: 1 | Q11: 1 | R11: 1
A12: 2 | B12: 5 | C12: =IF(E12<0,1,0) -> 0 | D12: {=INDIRECT(ADDRESS(B12+ROW($D$7),MATCH($D$7,$G$7:$R$7,0)+5))} -> 0.3 | E12: =报价及预中标!L6/4 -> 0 | F12: =E12*D12*$C$1 -> 0 | G12: 0.3 | H12: 0.3 | I12: 1 | J12: 1 | K12: 1 | L12: 1 | M12: 0.3 | N12: 0.3 | O12: 1 | P12: 1 | Q12: 1 | R12: 0.3
B13: 6 | C13: =IF(E13<0,1,0) -> 0 | D13: {=INDIRECT(ADDRESS(B13+ROW($D$7),MATCH($D$7,$G$7:$R$7,0)+5))} -> 0.3 | E13: =报价及预中标!L7/4 -> 0 | F13: =E13*D13*$C$1 -> 0 | G13: 0.3 | H13: 0.3 | I13: 1 | J13: 1 | K13: 1 | L13: 1 | M13: 0.3 | N13: 0.3 | O13: 1 | P13: 1 | Q13: 1 | R13: 0.3
B14: 7 | C14: =IF(E14<0,1,0) -> 0 | D14: {=INDIRECT(ADDRESS(B14+ROW($D$7),MATCH($D$7,$G$7:$R$7,0)+5))} -> 0.3 | E14: =报价及预中标!L8/4 -> 0 | F14: =E14*D14*$C$1 -> 0 | G14: 0.3 | H14: 0.3 | I14: 1 | J14: 1 | K14: 1 | L14: 1 | M14: 0.3 | N14: 0.3 | O14: 1 | P14: 1 | Q14: 1 | R14: 0.3
B15: 8 | C15: =IF(E15<0,1,0) -> 0 | D15: {=INDIRECT(ADDRESS(B15+ROW($D$7),MATCH($D$7,$G$7:$R$7,0)+5))} -> 0.3 | E15: =报价及预中标!L9/4 -> 0 | F15: =E15*D15*$C$1 -> 0 | G15: 0.3 | H15: 0.3 | I15: 1 | J15: 1 | K15: 1 | L15: 1 | M15: 0.3 | N15: 0.3 | O15: 1 | P15: 1 | Q15: 1 | R15: 0.3
A16: 3 | B16: 9 | C16: =IF(E16<0,1,0) -> 0 | D16: {=INDIRECT(ADDRESS(B16+ROW($D$7),MATCH($D$7,$G$7:$R$7,0)+5))} -> 0.3 | E16: =报价及预中标!L10/4 -> 0 | F16: =E16*D16*$C$1 -> 0 | G16: 0.3 | H16: 0.3 | I16: 1 | J16: 1 | K16: 1 | L16: 1 | M16: 0.3 | N16: 0.3 | O16: 1 | P16: 1 | Q16: 1 | R16: 0.3
B17: 10 | C17: =IF(E17<0,1,0) -> 0 | D17: {=INDIRECT(ADDRESS(B17+ROW($D$7),MATCH($D$7,$G$7:$R$7,0)+5))} -> 0.3 | E17: =报价及预中标!L11/4 -> 0 | F17: =E17*D17*$C$1 -> 0 | G17: 0.3 | H17: 0.3 | I17: 1 | J17: 1 | K17: 1 | L17: 1 | M17: 0.3 | N17: 0.3 | O17: 1 | P17: 1 | Q17: 1 | R17: 0.3
B18: 11 | C18: =IF(E18<0,1,0) -> 0 | D18: {=INDIRECT(ADDRESS(B18+ROW($D$7),MATCH($D$7,$G$7:$R$7,0)+5))} -> 0.3 | E18: =报价及预中标!L12/4 -> 0 | F18: =E18*D18*$C$1 -> 0 | G18: 0.3 | H18: 0.3 | I18: 1 | J18: 1 | K18: 1 | L18: 1 | M18: 0.3 | N18: 0.3 | O18: 1 | P18: 1 | Q18: 1 | R18: 0.3
B19: 12 | C19: =IF(E19<0,1,0) -> 0 | D19: {=INDIRECT(ADDRESS(B19+ROW($D$7),MATCH($D$7,$G$7:$R$7,0)+5))} -> 0.3 | E19: =报价及预中标!L13/4 -> 0 | F19: =E19*D19*$C$1 -> 0 | G19: 0.3 | H19: 0.3 | I19: 1 | J19: 1 | K19: 1 | L19: 1 | M19: 0.3 | N19: 0.3 | O19: 1 | P19: 1 | Q19: 1 | R19: 0.3
A20: 4 | B20: 13 | C20: =IF(E20<0,1,0) -> 0 | D20: {=INDIRECT(ADDRESS(B20+ROW($D$7),MATCH($D$7,$G$7:$R$7,0)+5))} -> 0.3 | E20: =报价及预中标!L14/4 -> 0 | F20: =E20*D20*$C$1 -> 0 | G20: 0.3 | H20: 0.3 | I20: 1 | J20: 1 | K20: 1 | L20: 1 | M20: 0.3 | N20: 0.3 | O20: 1 | P20: 1 | Q20: 1 | R20: 0.3
B21: 14 | C21: =IF(E21<0,1,0) -> 0 | D21: {=INDIRECT(ADDRESS(B21+ROW($D$7),MATCH($D$7,$G$7:$R$7,0)+5))} -> 0.3 | E21: =报价及预中标!L15/4 -> 0 | F21: =E21*D21*$C$1 -> 0 | G21: 0.3 | H21: 0.3 | I21: 1 | J21: 1 | K21: 1 | L21: 1 | M21: 0.3 | N21: 0.3 | O21: 1 | P21: 1 | Q21: 1 | R21: 0.3
B22: 15 | C22: =IF(E22<0,1,0) -> 0 | D22: {=INDIRECT(ADDRESS(B22+ROW($D$7),MATCH($D$7,$G$7:$R$7,0)+5))} -> 0.3 | E22: =报价及预中标!L16/4 -> 0 | F22: =E22*D22*$C$1 -> 0 | G22: 0.3 | H22: 0.3 | I22: 1 | J22: 1 | K22: 1 | L22: 1 | M22: 0.3 | N22: 0.3 | O22: 1 | P22: 1 | Q22: 1 | R22: 0.3
B23: 16 | C23: =IF(E23<0,1,0) -> 0 | D23: {=INDIRECT(ADDRESS(B23+ROW($D$7),MATCH($D$7,$G$7:$R$7,0)+5))} -> 0.3 | E23: =报价及预中标!L17/4 -> 0 | F23: =E23*D23*$C$1 -> 0 | G23: 0.3 | H23: 0.3 | I23: 1 | J23: 1 | K23: 1 | L23: 1 | M23: 0.3 | N23: 0.3 | O23: 1 | P23: 1 | Q23: 1 | R23: 0.3
A24: 5 | B24: 17 | C24: =IF(E24<0,1,0) -> 0 | D24: {=INDIRECT(ADDRESS(B24+ROW($D$7),MATCH($D$7,$G$7:$R$7,0)+5))} -> 0.3 | E24: =报价及预中标!L18/4 -> 0 | F24: =E24*D24*$C$1 -> 0 | G24: 0.3 | H24: 0.3 | I24: 1 | J24: 1 | K24: 1 | L24: 1 | M24: 0.3 | N24: 0.3 | O24: 1 | P24: 1 | Q24: 1 | R24: 0.3
B25: 18 | C25: =IF(E25<0,1,0) -> 0 | D25: {=INDIRECT(ADDRESS(B25+ROW($D$7),MATCH($D$7,$G$7:$R$7,0)+5))} -> 0.3 | E25: =报价及预中标!L19/4 -> 0 | F25: =E25*D25*$C$1 -> 0 | G25: 0.3 | H25: 0.3 | I25: 1 | J25: 1 | K25: 1 | L25: 1 | M25: 0.3 | N25: 0.3 | O25: 1 | P25: 1 | Q25: 1 | R25: 0.3
B26: 19 | C26: =IF(E26<0,1,0) -> 0 | D26: {=INDIRECT(ADDRESS(B26+ROW($D$7),MATCH($D$7,$G$7:$R$7,0)+5))} -> 0.3 | E26: =报价及预中标!L20/4 -> 0 | F26: =E26*D26*$C$1 -> 0 | G26: 0.3 | H26: 0.3 | I26: 1 | J26: 1 | K26: 1 | L26: 1 | M26: 0.3 | N26: 0.3 | O26: 1 | P26: 1 | Q26: 1 | R26: 0.3
B27: 20 | C27: =IF(E27<0,1,0) -> 0 | D27: {=INDIRECT(ADDRESS(B27+ROW($D$7),MATCH($D$7,$G$7:$R$7,0)+5))} -> 0.3 | E27: =报价及预中标!L21/4 -> 0 | F27: =E27*D27*$C$1 -> 0 | G27: 0.3 | H27: 0.3 | I27: 1 | J27: 1 | K27: 1 | L27: 1 | M27: 0.3 | N27: 0.3 | O27: 1 | P27: 1 | Q27: 1 | R27: 0.3
A28: 6 | B28: 21 | C28: =IF(E28<0,1,0) -> 0 | D28: {=INDIRECT(ADDRESS(B28+ROW($D$7),MATCH($D$7,$G$7:$R$7,0)+5))} -> 0.3 | E28: =报价及预中标!L22/4 -> 0 | F28: =E28*D28*$C$1 -> 0 | G28: 0.3 | H28: 0.3 | I28: 1 | J28: 1 | K28: 1 | L28: 1 | M28: 0.3 | N28: 0.3 | O28: 1 | P28: 1 | Q28: 1 | R28: 0.3
B29: 22 | C29: =IF(E29<0,1,0) -> 0 | D29: {=INDIRECT(ADDRESS(B29+ROW($D$7),MATCH($D$7,$G$7:$R$7,0)+5))} -> 0.3 | E29: =报价及预中标!L23/4 -> 0 | F29: =E29*D29*$C$1 -> 0 | G29: 0.3 | H29: 0.3 | I29: 1 | J29: 1 | K29: 1 | L29: 1 | M29: 0.3 | N29: 0.3 | O29: 1 | P29: 1 | Q29: 1 | R29: 0.3
B30: 23 | C30: =IF(E30<0,1,0) -> 0 | D30: {=INDIRECT(ADDRESS(B30+ROW($D$7),MATCH($D$7,$G$7:$R$7,0)+5))} -> 0.3 | E30: =报价及预中标!L24/4 -> 0 | F30: =E30*D30*$C$1 -> 0 | G30: 0.3 | H30: 0.3 | I30: 1 | J30: 1 | K30: 1 | L30: 1 | M30: 0.3 | N30: 0.3 | O30: 1 | P30: 1 | Q30: 1 | R30: 0.3
B31: 24 | C31: =IF(E31<0,1,0) -> 0 | D31: {=INDIRECT(ADDRESS(B31+ROW($D$7),MATCH($D$7,$G$7:$R$7,0)+5))} -> 0.3 | E31: =报价及预中标!L25/4 -> 0 | F31: =E31*D31*$C$1 -> 0 | G31: 0.3 | H31: 0.3 | I31: 1 | J31: 1 | K31: 1 | L31: 1 | M31: 0.3 | N31: 0.3 | O31: 1 | P31: 1 | Q31: 1 | R31: 0.3
A32: 7 | B32: 25 | C32: =IF(E32<0,1,0) -> 0 | D32: {=INDIRECT(ADDRESS(B32+ROW($D$7),MATCH($D$7,$G$7:$R$7,0)+5))} -> 1 | E32: =报价及预中标!L26/4 -> 0 | F32: =E32*D32*$C$1 -> 0 | G32: 1.7 | H32: 1.7 | I32: 1 | J32: 1 | K32: 1 | L32: 0.3 | M32: 1 | N32: 1 | O32: 1 | P32: 1 | Q32: 1 | R32: 1.7
B33: 26 | C33: =IF(E33<0,1,0) -> 0 | D33: {=INDIRECT(ADDRESS(B33+ROW($D$7),MATCH($D$7,$G$7:$R$7,0)+5))} -> 1 | E33: =报价及预中标!L27/4 -> 0 | F33: =E33*D33*$C$1 -> 0 | G33: 1.7 | H33: 1.7 | I33: 1 | J33: 1 | K33: 1 | L33: 0.3 | M33: 1 | N33: 1 | O33: 1 | P33: 1 | Q33: 1 | R33: 1.7
B34: 27 | C34: =IF(E34<0,1,0) -> 0 | D34: {=INDIRECT(ADDRESS(B34+ROW($D$7),MATCH($D$7,$G$7:$R$7,0)+5))} -> 1 | E34: =报价及预中标!L28/4 -> 0 | F34: =E34*D34*$C$1 -> 0 | G34: 1.7 | H34: 1.7 | I34: 1 | J34: 1 | K34: 1 | L34: 0.3 | M34: 1 | N34: 1 | O34: 1 | P34: 1 | Q34: 1 | R34: 1.7
B35: 28 | C35: =IF(E35<0,1,0) -> 0 | D35: {=INDIRECT(ADDRESS(B35+ROW($D$7),MATCH($D$7,$G$7:$R$7,0)+5))} -> 1 | E35: =报价及预中标!L29/4 -> 0 | F35: =E35*D35*$C$1 -> 0 | G35: 1.7 | H35: 1.7 | I35: 1 | J35: 1 | K35: 1 | L35: 0.3 | M35: 1 | N35: 1 | O35: 1 | P35: 1 | Q35: 1 | R35: 1.7
A36: 8 | B36: 29 | C36: =IF(E36<0,1,0) -> 0 | D36: {=INDIRECT(ADDRESS(B36+ROW($D$7),MATCH($D$7,$G$7:$R$7,0)+5))} -> 1 | E36: =报价及预中标!L30/4 -> 0 | F36: =E36*D36*$C$1 -> 0 | G36: 1.7 | H36: 1.7 | I36: 1 | J36: 1 | K36: 1 | L36: 0.3 | M36: 1 | N36: 1 | O36: 1 | P36: 1 | Q36: 1 | R36: 1.7
B37: 30 | C37: =IF(E37<0,1,0) -> 0 | D37: {=INDIRECT(ADDRESS(B37+ROW($D$7),MATCH($D$7,$G$7:$R$7,0)+5))} -> 1 | E37: =报价及预中标!L31/4 -> 0 | F37: =E37*D37*$C$1 -> 0 | G37: 1.7 | H37: 1.7 | I37: 1 | J37: 1 | K37: 1 | L37: 0.3 | M37: 1 | N37: 1 | O37: 1 | P37: 1 | Q37: 1 | R37: 1.7
B38: 31 | C38: =IF(E38<0,1,0) -> 0 | D38: {=INDIRECT(ADDRESS(B38+ROW($D$7),MATCH($D$7,$G$7:$R$7,0)+5))} -> 1 | E38: =报价及预中标!L32/4 -> 0 | F38: =E38*D38*$C$1 -> 0 | G38: 1.7 | H38: 1.7 | I38: 1 | J38: 1 | K38: 1 | L38: 0.3 | M38: 1 | N38: 1 | O38: 1 | P38: 1 | Q38: 1 | R38: 1.7
B39: 32 | C39: =IF(E39<0,1,0) -> 1 | D39: {=INDIRECT(ADDRESS(B39+ROW($D$7),MATCH($D$7,$G$7:$R$7,0)+5))} -> 1 | E39: =报价及预中标!L33/4 -> -15 | F39: =E39*D39*$C$1 -> -1057.5 | G39: 1.7 | H39: 1.7 | I39: 1 | J39: 1 | K39: 1 | L39: 0.3 | M39: 1 | N39: 1 | O39: 1 | P39: 1 | Q39: 1 | R39: 1.7
A40: 9 | B40: 33 | C40: =IF(E40<0,1,0) -> 0 | D40: {=INDIRECT(ADDRESS(B40+ROW($D$7),MATCH($D$7,$G$7:$R$7,0)+5))} -> 1 | E40: =报价及预中标!L34/4 -> 0 | F40: =E40*D40*$C$1 -> 0 | G40: 1.7 | H40: 1.7 | I40: 1 | J40: 1 | K40: 1 | L40: 0.3 | M40: 1 | N40: 1 | O40: 1 | P40: 1 | Q40: 1 | R40: 1.7
B41: 34 | C41: =IF(E41<0,1,0) -> 1 | D41: {=INDIRECT(ADDRESS(B41+ROW($D$7),MATCH($D$7,$G$7:$R$7,0)+5))} -> 1 | E41: =报价及预中标!L35/4 -> -15 | F41: =E41*D41*$C$1 -> -1057.5 | G41: 1.7 | H41: 1.7 | I41: 1 | J41: 1 | K41: 1 | L41: 0.3 | M41: 1 | N41: 1 | O41: 1 | P41: 1 | Q41: 1 | R41: 1.7
B42: 35 | C42: =IF(E42<0,1,0) -> 1 | D42: {=INDIRECT(ADDRESS(B42+ROW($D$7),MATCH($D$7,$G$7:$R$7,0)+5))} -> 1 | E42: =报价及预中标!L36/4 -> -15 | F42: =E42*D42*$C$1 -> -1057.5 | G42: 1.7 | H42: 1.7 | I42: 1 | J42: 1 | K42: 1 | L42: 0.3 | M42: 1 | N42: 1 | O42: 1 | P42: 1 | Q42: 1 | R42: 1.7
B43: 36 | C43: =IF(E43<0,1,0) -> 0 | D43: {=INDIRECT(ADDRESS(B43+ROW($D$7),MATCH($D$7,$G$7:$R$7,0)+5))} -> 1 | E43: =报价及预中标!L37/4 -> 0 | F43: =E43*D43*$C$1 -> 0 | G43: 1.7 | H43: 1.7 | I43: 1 | J43: 1 | K43: 1 | L43: 0.3 | M43: 1 | N43: 1 | O43: 1 | P43: 1 | Q43: 1 | R43: 1.7
A44: 10 | B44: 37 | C44: =IF(E44<0,1,0) -> 0 | D44: {=INDIRECT(ADDRESS(B44+ROW($D$7),MATCH($D$7,$G$7:$R$7,0)+5))} -> 1 | E44: =报价及预中标!L38/4 -> 0 | F44: =E44*D44*$C$1 -> 0 | G44: 0.3 | H44: 0.3 | I44: 0.3 | J44: 0.3 | K44: 0.3 | L44: 0.3 | M44: 1 | N44: 1 | O44: 0.3 | P44: 0.3 | Q44: 0.3 | R44: 0.3
B45: 38 | C45: =IF(E45<0,1,0) -> 0 | D45: {=INDIRECT(ADDRESS(B45+ROW($D$7),MATCH($D$7,$G$7:$R$7,0)+5))} -> 1 | E45: =报价及预中标!L39/4 -> 0 | F45: =E45*D45*$C$1 -> 0 | G45: 0.3 | H45: 0.3 | I45: 0.3 | J45: 0.3 | K45: 0.3 | L45: 0.3 | M45: 1 | N45: 1 | O45: 0.3 | P45: 0.3 | Q45: 0.3 | R45: 0.3
B46: 39 | C46: =IF(E46<0,1,0) -> 0 | D46: {=INDIRECT(ADDRESS(B46+ROW($D$7),MATCH($D$7,$G$7:$R$7,0)+5))} -> 1 | E46: =报价及预中标!L40/4 -> 0 | F46: =E46*D46*$C$1 -> 0 | G46: 0.3 | H46: 0.3 | I46: 0.3 | J46: 0.3 | K46: 0.3 | L46: 0.3 | M46: 1 | N46: 1 | O46: 0.3 | P46: 0.3 | Q46: 0.3 | R46: 0.3
B47: 40 | C47: =IF(E47<0,1,0) -> 0 | D47: {=INDIRECT(ADDRESS(B47+ROW($D$7),MATCH($D$7,$G$7:$R$7,0)+5))} -> 1 | E47: =报价及预中标!L41/4 -> 0 | F47: =E47*D47*$C$1 -> 0 | G47: 0.3 | H47: 0.3 | I47: 0.3 | J47: 0.3 | K47: 0.3 | L47: 0.3 | M47: 1 | N47: 1 | O47: 0.3 | P47: 0.3 | Q47: 0.3 | R47: 0.3
A48: 11 | B48: 41 | C48: =IF(E48<0,1,0) -> 0 | D48: {=INDIRECT(ADDRESS(B48+ROW($D$7),MATCH($D$7,$G$7:$R$7,0)+5))} -> 1 | E48: =报价及预中标!L42/4 -> 0 | F48: =E48*D48*$C$1 -> 0 | G48: 0.1 | H48: 0.1 | I48: 0.1 | J48: 0.1 | K48: 0.1 | L48: 0.3 | M48: 1 | N48: 1 | O48: 0.1 | P48: 0.1 | Q48: 0.1 | R48: 0.1
B49: 42 | C49: =IF(E49<0,1,0) -> 0 | D49: {=INDIRECT(ADDRESS(B49+ROW($D$7),MATCH($D$7,$G$7:$R$7,0)+5))} -> 1 | E49: =报价及预中标!L43/4 -> 0 | F49: =E49*D49*$C$1 -> 0 | G49: 0.1 | H49: 0.1 | I49: 0.1 | J49: 0.1 | K49: 0.1 | L49: 0.3 | M49: 1 | N49: 1 | O49: 0.1 | P49: 0.1 | Q49: 0.1 | R49: 0.1
B50: 43 | C50: =IF(E50<0,1,0) -> 0 | D50: {=INDIRECT(ADDRESS(B50+ROW($D$7),MATCH($D$7,$G$7:$R$7,0)+5))} -> 1 | E50: =报价及预中标!L44/4 -> 0 | F50: =E50*D50*$C$1 -> 0 | G50: 0.1 | H50: 0.1 | I50: 0.1 | J50: 0.1 | K50: 0.1 | L50: 0.3 | M50: 1 | N50: 1 | O50: 0.1 | P50: 0.1 | Q50: 0.1 | R50: 0.1
B51: 44 | C51: =IF(E51<0,1,0) -> 0 | D51: {=INDIRECT(ADDRESS(B51+ROW($D$7),MATCH($D$7,$G$7:$R$7,0)+5))} -> 1 | E51: =报价及预中标!L45/4 -> 0 | F51: =E51*D51*$C$1 -> 0 | G51: 0.1 | H51: 0.1 | I51: 0.1 | J51: 0.1 | K51: 0.1 | L51: 0.3 | M51: 1 | N51: 1 | O51: 0.1 | P51: 0.1 | Q51: 0.1 | R51: 0.1
A52: 12 | B52: 45 | C52: =IF(E52<0,1,0) -> 0 | D52: {=INDIRECT(ADDRESS(B52+ROW($D$7),MATCH($D$7,$G$7:$R$7,0)+5))} -> 1 | E52: =报价及预中标!L46/4 -> 0 | F52: =E52*D52*$C$1 -> 0 | G52: 0.1 | H52: 0.1 | I52: 0.1 | J52: 0.1 | K52: 0.1 | L52: 0.3 | M52: 1 | N52: 1 | O52: 0.1 | P52: 0.1 | Q52: 0.1 | R52: 0.1
B53: 46 | C53: =IF(E53<0,1,0) -> 0 | D53: {=INDIRECT(ADDRESS(B53+ROW($D$7),MATCH($D$7,$G$7:$R$7,0)+5))} -> 1 | E53: =报价及预中标!L47/4 -> 0 | F53: =E53*D53*$C$1 -> 0 | G53: 0.1 | H53: 0.1 | I53: 0.1 | J53: 0.1 | K53: 0.1 | L53: 0.3 | M53: 1 | N53: 1 | O53: 0.1 | P53: 0.1 | Q53: 0.1 | R53: 0.1
B54: 47 | C54: =IF(E54<0,1,0) -> 0 | D54: {=INDIRECT(ADDRESS(B54+ROW($D$7),MATCH($D$7,$G$7:$R$7,0)+5))} -> 1 | E54: =报价及预中标!L48/4 -> 0 | F54: =E54*D54*$C$1 -> 0 | G54: 0.1 | H54: 0.1 | I54: 0.1 | J54: 0.1 | K54: 0.1 | L54: 0.3 | M54: 1 | N54: 1 | O54: 0.1 | P54: 0.1 | Q54: 0.1 | R54: 0.1
B55: 48 | C55: =IF(E55<0,1,0) -> 0 | D55: {=INDIRECT(ADDRESS(B55+ROW($D$7),MATCH($D$7,$G$7:$R$7,0)+5))} -> 1 | E55: =报价及预中标!L49/4 -> 0 | F55: =E55*D55*$C$1 -> 0 | G55: 0.1 | H55: 0.1 | I55: 0.1 | J55: 0.1 | K55: 0.1 | L55: 0.3 | M55: 1 | N55: 1 | O55: 0.1 | P55: 0.1 | Q55: 0.1 | R55: 0.1
A56: 13 | B56: 49 | C56: =IF(E56<0,1,0) -> 0 | D56: {=INDIRECT(ADDRESS(B56+ROW($D$7),MATCH($D$7,$G$7:$R$7,0)+5))} -> 1 | E56: =报价及预中标!L50/4 -> 0 | F56: =E56*D56*$C$1 -> 0 | G56: 0.1 | H56: 0.1 | I56: 0.1 | J56: 0.1 | K56: 0.1 | L56: 1 | M56: 1 | N56: 1 | O56: 0.1 | P56: 0.1 | Q56: 0.1 | R56: 0.1
B57: 50 | C57: =IF(E57<0,1,0) -> 0 | D57: {=INDIRECT(ADDRESS(B57+ROW($D$7),MATCH($D$7,$G$7:$R$7,0)+5))} -> 1 | E57: =报价及预中标!L51/4 -> 0 | F57: =E57*D57*$C$1 -> 0 | G57: 0.1 | H57: 0.1 | I57: 0.1 | J57: 0.1 | K57: 0.1 | L57: 1 | M57: 1 | N57: 1 | O57: 0.1 | P57: 0.1 | Q57: 0.1 | R57: 0.1
B58: 51 | C58: =IF(E58<0,1,0) -> 0 | D58: {=INDIRECT(ADDRESS(B58+ROW($D$7),MATCH($D$7,$G$7:$R$7,0)+5))} -> 1 | E58: =报价及预中标!L52/4 -> 0 | F58: =E58*D58*$C$1 -> 0 | G58: 0.1 | H58: 0.1 | I58: 0.1 | J58: 0.1 | K58: 0.1 | L58: 1 | M58: 1 | N58: 1 | O58: 0.1 | P58: 0.1 | Q58: 0.1 | R58: 0.1
B59: 52 | C59: =IF(E59<0,1,0) -> 0 | D59: {=INDIRECT(ADDRESS(B59+ROW($D$7),MATCH($D$7,$G$7:$R$7,0)+5))} -> 1 | E59: =报价及预中标!L53/4 -> 0 | F59: =E59*D59*$C$1 -> 0 | G59: 0.1 | H59: 0.1 | I59: 0.1 | J59: 0.1 | K59: 0.1 | L59: 1 | M59: 1 | N59: 1 | O59: 0.1 | P59: 0.1 | Q59: 0.1 | R59: 0.1
A60: 14 | B60: 53 | C60: =IF(E60<0,1,0) -> 0 | D60: {=INDIRECT(ADDRESS(B60+ROW($D$7),MATCH($D$7,$G$7:$R$7,0)+5))} -> 1 | E60: =报价及预中标!L54/4 -> 0 | F60: =E60*D60*$C$1 -> 0 | G60: 0.1 | H60: 0.1 | I60: 0.1 | J60: 0.1 | K60: 0.1 | L60: 1 | M60: 1 | N60: 1 | O60: 0.1 | P60: 0.1 | Q60: 0.1 | R60: 0.1
B61: 54 | C61: =IF(E61<0,1,0) -> 0 | D61: {=INDIRECT(ADDRESS(B61+ROW($D$7),MATCH($D$7,$G$7:$R$7,0)+5))} -> 1 | E61: =报价及预中标!L55/4 -> 0 | F61: =E61*D61*$C$1 -> 0 | G61: 0.1 | H61: 0.1 | I61: 0.1 | J61: 0.1 | K61: 0.1 | L61: 1 | M61: 1 | N61: 1 | O61: 0.1 | P61: 0.1 | Q61: 0.1 | R61: 0.1
B62: 55 | C62: =IF(E62<0,1,0) -> 0 | D62: {=INDIRECT(ADDRESS(B62+ROW($D$7),MATCH($D$7,$G$7:$R$7,0)+5))} -> 1 | E62: =报价及预中标!L56/4 -> 0 | F62: =E62*D62*$C$1 -> 0 | G62: 0.1 | H62: 0.1 | I62: 0.1 | J62: 0.1 | K62: 0.1 | L62: 1 | M62: 1 | N62: 1 | O62: 0.1 | P62: 0.1 | Q62: 0.1 | R62: 0.1
B63: 56 | C63: =IF(E63<0,1,0) -> 1 | D63: {=INDIRECT(ADDRESS(B63+ROW($D$7),MATCH($D$7,$G$7:$R$7,0)+5))} -> 1 | E63: =报价及预中标!L57/4 -> -0.9225 | F63: =E63*D63*$C$1 -> -65.03625 | G63: 0.1 | H63: 0.1 | I63: 0.1 | J63: 0.1 | K63: 0.1 | L63: 1 | M63: 1 | N63: 1 | O63: 0.1 | P63: 0.1 | Q63: 0.1 | R63: 0.1
A64: 15 | B64: 57 | C64: =IF(E64<0,1,0) -> 1 | D64: {=INDIRECT(ADDRESS(B64+ROW($D$7),MATCH($D$7,$G$7:$R$7,0)+5))} -> 1 | E64: =报价及预中标!L58/4 -> -15 | F64: =E64*D64*$C$1 -> -1057.5 | G64: 0.3 | H64: 0.3 | I64: 0.3 | J64: 0.3 | K64: 0.3 | L64: 1 | M64: 1 | N64: 1 | O64: 0.3 | P64: 0.3 | Q64: 0.3 | R64: 0.3
B65: 58 | C65: =IF(E65<0,1,0) -> 1 | D65: {=INDIRECT(ADDRESS(B65+ROW($D$7),MATCH($D$7,$G$7:$R$7,0)+5))} -> 1 | E65: =报价及预中标!L59/4 -> -15 | F65: =E65*D65*$C$1 -> -1057.5 | G65: 0.3 | H65: 0.3 | I65: 0.3 | J65: 0.3 | K65: 0.3 | L65: 1 | M65: 1 | N65: 1 | O65: 0.3 | P65: 0.3 | Q65: 0.3 | R65: 0.3
B66: 59 | C66: =IF(E66<0,1,0) -> 1 | D66: {=INDIRECT(ADDRESS(B66+ROW($D$7),MATCH($D$7,$G$7:$R$7,0)+5))} -> 1 | E66: =报价及预中标!L60/4 -> -15 | F66: =E66*D66*$C$1 -> -1057.5 | G66: 0.3 | H66: 0.3 | I66: 0.3 | J66: 0.3 | K66: 0.3 | L66: 1 | M66: 1 | N66: 1 | O66: 0.3 | P66: 0.3 | Q66: 0.3 | R66: 0.3
B67: 60 | C67: =IF(E67<0,1,0) -> 1 | D67: {=INDIRECT(ADDRESS(B67+ROW($D$7),MATCH($D$7,$G$7:$R$7,0)+5))} -> 1 | E67: =报价及预中标!L61/4 -> -15 | F67: =E67*D67*$C$1 -> -1057.5 | G67: 0.3 | H67: 0.3 | I67: 0.3 | J67: 0.3 | K67: 0.3 | L67: 1 | M67: 1 | N67: 1 | O67: 0.3 | P67: 0.3 | Q67: 0.3 | R67: 0.3
A68: 16 | B68: 61 | C68: =IF(E68<0,1,0) -> 1 | D68: {=INDIRECT(ADDRESS(B68+ROW($D$7),MATCH($D$7,$G$7:$R$7,0)+5))} -> 1.7 | E68: =报价及预中标!L62/4 -> -15 | F68: =E68*D68*$C$1 -> -1797.75 | G68: 2 | H68: 2 | I68: 1 | J68: 1 | K68: 1 | L68: 1.7 | M68: 1.7 | N68: 1.7 | O68: 1.7 | P68: 1.7 | Q68: 1.7 | R68: 2
B69: 62 | C69: =IF(E69<0,1,0) -> 1 | D69: {=INDIRECT(ADDRESS(B69+ROW($D$7),MATCH($D$7,$G$7:$R$7,0)+5))} -> 1.7 | E69: =报价及预中标!L63/4 -> -15 | F69: =E69*D69*$C$1 -> -1797.75 | G69: 2 | H69: 2 | I69: 1 | J69: 1 | K69: 1 | L69: 1.7 | M69: 1.7 | N69: 1.7 | O69: 1.7 | P69: 1.7 | Q69: 1.7 | R69: 2
B70: 63 | C70: =IF(E70<0,1,0) -> 1 | D70: {=INDIRECT(ADDRESS(B70+ROW($D$7),MATCH($D$7,$G$7:$R$7,0)+5))} -> 1.7 | E70: =报价及预中标!L64/4 -> -15 | F70: =E70*D70*$C$1 -> -1797.75 | G70: 2 | H70: 2 | I70: 1 | J70: 1 | K70: 1 | L70: 1.7 | M70: 1.7 | N70: 1.7 | O70: 1.7 | P70: 1.7 | Q70: 1.7 | R70: 2
B71: 64 | C71: =IF(E71<0,1,0) -> 1 | D71: {=INDIRECT(ADDRESS(B71+ROW($D$7),MATCH($D$7,$G$7:$R$7,0)+5))} -> 1.7 | E71: =报价及预中标!L65/4 -> -15 | F71: =E71*D71*$C$1 -> -1797.75 | G71: 2 | H71: 2 | I71: 1 | J71: 1 | K71: 1 | L71: 1.7 | M71: 1.7 | N71: 1.7 | O71: 1.7 | P71: 1.7 | Q71: 1.7 | R71: 2
A72: 17 | B72: 65 | C72: =IF(E72<0,1,0) -> 1 | D72: {=INDIRECT(ADDRESS(B72+ROW($D$7),MATCH($D$7,$G$7:$R$7,0)+5))} -> 2 | E72: =报价及预中标!L66/4 -> -13.7925 | F72: =E72*D72*$C$1 -> -1944.7425 | G72: 2 | H72: 2 | I72: 2 | J72: 2 | K72: 2 | L72: 2 | M72: 2 | N72: 2 | O72: 2 | P72: 2 | Q72: 2 | R72: 2
B73: 66 | C73: =IF(E73<0,1,0) -> 1 | D73: {=INDIRECT(ADDRESS(B73+ROW($D$7),MATCH($D$7,$G$7:$R$7,0)+5))} -> 2 | E73: =报价及预中标!L67/4 -> -0.6475 | F73: =E73*D73*$C$1 -> -91.2975 | G73: 2 | H73: 2 | I73: 2 | J73: 2 | K73: 2 | L73: 2 | M73: 2 | N73: 2 | O73: 2 | P73: 2 | Q73: 2 | R73: 2
B74: 67 | C74: =IF(E74<0,1,0) -> 0 | D74: {=INDIRECT(ADDRESS(B74+ROW($D$7),MATCH($D$7,$G$7:$R$7,0)+5))} -> 2 | E74: =报价及预中标!L68/4 -> 0 | F74: =E74*D74*$C$1 -> 0 | G74: 2 | H74: 2 | I74: 2 | J74: 2 | K74: 2 | L74: 2 | M74: 2 | N74: 2 | O74: 2 | P74: 2 | Q74: 2 | R74: 2
B75: 68 | C75: =IF(E75<0,1,0) -> 0 | D75: {=INDIRECT(ADDRESS(B75+ROW($D$7),MATCH($D$7,$G$7:$R$7,0)+5))} -> 2 | E75: =报价及预中标!L69/4 -> 0 | F75: =E75*D75*$C$1 -> 0 | G75: 2 | H75: 2 | I75: 2 | J75: 2 | K75: 2 | L75: 2 | M75: 2 | N75: 2 | O75: 2 | P75: 2 | Q75: 2 | R75: 2
A76: 18 | B76: 69 | C76: =IF(E76<0,1,0) -> 0 | D76: {=INDIRECT(ADDRESS(B76+ROW($D$7),MATCH($D$7,$G$7:$R$7,0)+5))} -> 2 | E76: =报价及预中标!L70/4 -> 0 | F76: =E76*D76*$C$1 -> 0 | G76: 2 | H76: 2 | I76: 2 | J76: 2 | K76: 2 | L76: 2 | M76: 2 | N76: 2 | O76: 2 | P76: 2 | Q76: 2 | R76: 2
B77: 70 | C77: =IF(E77<0,1,0) -> 0 | D77: {=INDIRECT(ADDRESS(B77+ROW($D$7),MATCH($D$7,$G$7:$R$7,0)+5))} -> 2 | E77: =报价及预中标!L71/4 -> 0 | F77: =E77*D77*$C$1 -> 0 | G77: 2 | H77: 2 | I77: 2 | J77: 2 | K77: 2 | L77: 2 | M77: 2 | N77: 2 | O77: 2 | P77: 2 | Q77: 2 | R77: 2
B78: 71 | C78: =IF(E78<0,1,0) -> 0 | D78: {=INDIRECT(ADDRESS(B78+ROW($D$7),MATCH($D$7,$G$7:$R$7,0)+5))} -> 2 | E78: =报价及预中标!L72/4 -> 0 | F78: =E78*D78*$C$1 -> 0 | G78: 2 | H78: 2 | I78: 2 | J78: 2 | K78: 2 | L78: 2 | M78: 2 | N78: 2 | O78: 2 | P78: 2 | Q78: 2 | R78: 2
B79: 72 | C79: =IF(E79<0,1,0) -> 0 | D79: {=INDIRECT(ADDRESS(B79+ROW($D$7),MATCH($D$7,$G$7:$R$7,0)+5))} -> 2 | E79: =报价及预中标!L73/4 -> 0 | F79: =E79*D79*$C$1 -> 0 | G79: 2 | H79: 2 | I79: 2 | J79: 2 | K79: 2 | L79: 2 | M79: 2 | N79: 2 | O79: 2 | P79: 2 | Q79: 2 | R79: 2
A80: 19 | B80: 73 | C80: =IF(E80<0,1,0) -> 0 | D80: {=INDIRECT(ADDRESS(B80+ROW($D$7),MATCH($D$7,$G$7:$R$7,0)+5))} -> 2 | E80: =报价及预中标!L74/4 -> 0 | F80: =E80*D80*$C$1 -> 0 | G80: 2 | H80: 2 | I80: 2 | J80: 2 | K80: 2 | L80: 2 | M80: 2 | N80: 2 | O80: 2 | P80: 2 | Q80: 2 | R80: 2
B81: 74 | C81: =IF(E81<0,1,0) -> 0 | D81: {=INDIRECT(ADDRESS(B81+ROW($D$7),MATCH($D$7,$G$7:$R$7,0)+5))} -> 2 | E81: =报价及预中标!L75/4 -> 0 | F81: =E81*D81*$C$1 -> 0 | G81: 2 | H81: 2 | I81: 2 | J81: 2 | K81: 2 | L81: 2 | M81: 2 | N81: 2 | O81: 2 | P81: 2 | Q81: 2 | R81: 2
B82: 75 | C82: =IF(E82<0,1,0) -> 0 | D82: {=INDIRECT(ADDRESS(B82+ROW($D$7),MATCH($D$7,$G$7:$R$7,0)+5))} -> 2 | E82: =报价及预中标!L76/4 -> 0 | F82: =E82*D82*$C$1 -> 0 | G82: 2 | H82: 2 | I82: 2 | J82: 2 | K82: 2 | L82: 2 | M82: 2 | N82: 2 | O82: 2 | P82: 2 | Q82: 2 | R82: 2
B83: 76 | C83: =IF(E83<0,1,0) -> 0 | D83: {=INDIRECT(ADDRESS(B83+ROW($D$7),MATCH($D$7,$G$7:$R$7,0)+5))} -> 2 | E83: =报价及预中标!L77/4 -> 0 | F83: =E83*D83*$C$1 -> 0 | G83: 2 | H83: 2 | I83: 2 | J83: 2 | K83: 2 | L83: 2 | M83: 2 | N83: 2 | O83: 2 | P83: 2 | Q83: 2 | R83: 2
A84: 20 | B84: 77 | C84: =IF(E84<0,1,0) -> 0 | D84: {=INDIRECT(ADDRESS(B84+ROW($D$7),MATCH($D$7,$G$7:$R$7,0)+5))} -> 2 | E84: =报价及预中标!L78/4 -> 0 | F84: =E84*D84*$C$1 -> 0 | G84: 1.7 | H84: 1.7 | I84: 2 | J84: 2 | K84: 2 | L84: 2 | M84: 2 | N84: 2 | O84: 1.7 | P84: 1.7 | Q84: 1.7 | R84: 1.7
B85: 78 | C85: =IF(E85<0,1,0) -> 0 | D85: {=INDIRECT(ADDRESS(B85+ROW($D$7),MATCH($D$7,$G$7:$R$7,0)+5))} -> 2 | E85: =报价及预中标!L79/4 -> 0 | F85: =E85*D85*$C$1 -> 0 | G85: 1.7 | H85: 1.7 | I85: 2 | J85: 2 | K85: 2 | L85: 2 | M85: 2 | N85: 2 | O85: 1.7 | P85: 1.7 | Q85: 1.7 | R85: 1.7
B86: 79 | C86: =IF(E86<0,1,0) -> 0 | D86: {=INDIRECT(ADDRESS(B86+ROW($D$7),MATCH($D$7,$G$7:$R$7,0)+5))} -> 2 | E86: =报价及预中标!L80/4 -> 0 | F86: =E86*D86*$C$1 -> 0 | G86: 1.7 | H86: 1.7 | I86: 2 | J86: 2 | K86: 2 | L86: 2 | M86: 2 | N86: 2 | O86: 1.7 | P86: 1.7 | Q86: 1.7 | R86: 1.7
B87: 80 | C87: =IF(E87<0,1,0) -> 0 | D87: {=INDIRECT(ADDRESS(B87+ROW($D$7),MATCH($D$7,$G$7:$R$7,0)+5))} -> 2 | E87: =报价及预中标!L81/4 -> 0 | F87: =E87*D87*$C$1 -> 0 | G87: 1.7 | H87: 1.7 | I87: 2 | J87: 2 | K87: 2 | L87: 2 | M87: 2 | N87: 2 | O87: 1.7 | P87: 1.7 | Q87: 1.7 | R87: 1.7
A88: 21 | B88: 81 | C88: =IF(E88<0,1,0) -> 0 | D88: {=INDIRECT(ADDRESS(B88+ROW($D$7),MATCH($D$7,$G$7:$R$7,0)+5))} -> 2 | E88: =报价及预中标!L82/4 -> 0 | F88: =E88*D88*$C$1 -> 0 | G88: 1.7 | H88: 1.7 | I88: 1.7 | J88: 1.7 | K88: 1.7 | L88: 2 | M88: 2 | N88: 2 | O88: 1.7 | P88: 1.7 | Q88: 1.7 | R88: 1.7
B89: 82 | C89: =IF(E89<0,1,0) -> 0 | D89: {=INDIRECT(ADDRESS(B89+ROW($D$7),MATCH($D$7,$G$7:$R$7,0)+5))} -> 2 | E89: =报价及预中标!L83/4 -> 0 | F89: =E89*D89*$C$1 -> 0 | G89: 1.7 | H89: 1.7 | I89: 1.7 | J89: 1.7 | K89: 1.7 | L89: 2 | M89: 2 | N89: 2 | O89: 1.7 | P89: 1.7 | Q89: 1.7 | R89: 1.7
B90: 83 | C90: =IF(E90<0,1,0) -> 0 | D90: {=INDIRECT(ADDRESS(B90+ROW($D$7),MATCH($D$7,$G$7:$R$7,0)+5))} -> 2 | E90: =报价及预中标!L84/4 -> 0 | F90: =E90*D90*$C$1 -> 0 | G90: 1.7 | H90: 1.7 | I90: 1.7 | J90: 1.7 | K90: 1.7 | L90: 2 | M90: 2 | N90: 2 | O90: 1.7 | P90: 1.7 | Q90: 1.7 | R90: 1.7
B91: 84 | C91: =IF(E91<0,1,0) -> 0 | D91: {=INDIRECT(ADDRESS(B91+ROW($D$7),MATCH($D$7,$G$7:$R$7,0)+5))} -> 2 | E91: =报价及预中标!L85/4 -> 0 | F91: =E91*D91*$C$1 -> 0 | G91: 1.7 | H91: 1.7 | I91: 1.7 | J91: 1.7 | K91: 1.7 | L91: 2 | M91: 2 | N91: 2 | O91: 1.7 | P91: 1.7 | Q91: 1.7 | R91: 1.7
A92: 22 | B92: 85 | C92: =IF(E92<0,1,0) -> 0 | D92: {=INDIRECT(ADDRESS(B92+ROW($D$7),MATCH($D$7,$G$7:$R$7,0)+5))} -> 2 | E92: =报价及预中标!L86/4 -> 0 | F92: =E92*D92*$C$1 -> 0 | G92: 1 | H92: 1 | I92: 1.7 | J92: 1.7 | K92: 1.7 | L92: 2 | M92: 2 | N92: 2 | O92: 1 | P92: 1 | Q92: 1 | R92: 1
B93: 86 | C93: =IF(E93<0,1,0) -> 0 | D93: {=INDIRECT(ADDRESS(B93+ROW($D$7),MATCH($D$7,$G$7:$R$7,0)+5))} -> 2 | E93: =报价及预中标!L87/4 -> 0 | F93: =E93*D93*$C$1 -> 0 | G93: 1 | H93: 1 | I93: 1.7 | J93: 1.7 | K93: 1.7 | L93: 2 | M93: 2 | N93: 2 | O93: 1 | P93: 1 | Q93: 1 | R93: 1
B94: 87 | C94: =IF(E94<0,1,0) -> 0 | D94: {=INDIRECT(ADDRESS(B94+ROW($D$7),MATCH($D$7,$G$7:$R$7,0)+5))} -> 2 | E94: =报价及预中标!L88/4 -> 0 | F94: =E94*D94*$C$1 -> 0 | G94: 1 | H94: 1 | I94: 1.7 | J94: 1.7 | K94: 1.7 | L94: 2 | M94: 2 | N94: 2 | O94: 1 | P94: 1 | Q94: 1 | R94: 1
B95: 88 | C95: =IF(E95<0,1,0) -> 0 | D95: {=INDIRECT(ADDRESS(B95+ROW($D$7),MATCH($D$7,$G$7:$R$7,0)+5))} -> 2 | E95: =报价及预中标!L89/4 -> 0 | F95: =E95*D95*$C$1 -> 0 | G95: 1 | H95: 1 | I95: 1.7 | J95: 1.7 | K95: 1.7 | L95: 2 | M95: 2 | N95: 2 | O95: 1 | P95: 1 | Q95: 1 | R95: 1
A96: 23 | B96: 89 | C96: =IF(E96<0,1,0) -> 0 | D96: {=INDIRECT(ADDRESS(B96+ROW($D$7),MATCH($D$7,$G$7:$R$7,0)+5))} -> 1.7 | E96: =报价及预中标!L90/4 -> 0 | F96: =E96*D96*$C$1 -> 0 | G96: 1 | H96: 1 | I96: 1 | J96: 1 | K96: 1 | L96: 1.7 | M96: 1.7 | N96: 1.7 | O96: 1 | P96: 1 | Q96: 1 | R96: 1
B97: 90 | C97: =IF(E97<0,1,0) -> 0 | D97: {=INDIRECT(ADDRESS(B97+ROW($D$7),MATCH($D$7,$G$7:$R$7,0)+5))} -> 1.7 | E97: =报价及预中标!L91/4 -> 0 | F97: =E97*D97*$C$1 -> 0 | G97: 1 | H97: 1 | I97: 1 | J97: 1 | K97: 1 | L97: 1.7 | M97: 1.7 | N97: 1.7 | O97: 1 | P97: 1 | Q97: 1 | R97: 1
B98: 91 | C98: =IF(E98<0,1,0) -> 0 | D98: {=INDIRECT(ADDRESS(B98+ROW($D$7),MATCH($D$7,$G$7:$R$7,0)+5))} -> 1.7 | E98: =报价及预中标!L92/4 -> 0 | F98: =E98*D98*$C$1 -> 0 | G98: 1 | H98: 1 | I98: 1 | J98: 1 | K98: 1 | L98: 1.7 | M98: 1.7 | N98: 1.7 | O98: 1 | P98: 1 | Q98: 1 | R98: 1
B99: 92 | C99: =IF(E99<0,1,0) -> 0 | D99: {=INDIRECT(ADDRESS(B99+ROW($D$7),MATCH($D$7,$G$7:$R$7,0)+5))} -> 1.7 | E99: =报价及预中标!L93/4 -> 0 | F99: =E99*D99*$C$1 -> 0 | G99: 1 | H99: 1 | I99: 1 | J99: 1 | K99: 1 | L99: 1.7 | M99: 1.7 | N99: 1.7 | O99: 1 | P99: 1 | Q99: 1 | R99: 1
A100: 24 | B100: 93 | C100: =IF(E100<0,1,0) -> 0 | D100: {=INDIRECT(ADDRESS(B100+ROW($D$7),MATCH($D$7,$G$7:$R$7,0)+5))} -> 1 | E100: =报价及预中标!L94/4 -> 0 | F100: =E100*D100*$C$1 -> 0 | G100: 1 | H100: 1 | I100: 1 | J100: 1 | K100: 1 | L100: 1 | M100: 1 | N100: 1 | O100: 1 | P100: 1 | Q100: 1 | R100: 1
B101: 94 | C101: =IF(E101<0,1,0) -> 0 | D101: {=INDIRECT(ADDRESS(B101+ROW($D$7),MATCH($D$7,$G$7:$R$7,0)+5))} -> 1 | E101: =报价及预中标!L95/4 -> 0 | F101: =E101*D101*$C$1 -> 0 | G101: 1 | H101: 1 | I101: 1 | J101: 1 | K101: 1 | L101: 1 | M101: 1 | N101: 1 | O101: 1 | P101: 1 | Q101: 1 | R101: 1
B102: 95 | C102: =IF(E102<0,1,0) -> 0 | D102: {=INDIRECT(ADDRESS(B102+ROW($D$7),MATCH($D$7,$G$7:$R$7,0)+5))} -> 1 | E102: =报价及预中标!L96/4 -> 0 | F102: =E102*D102*$C$1 -> 0 | G102: 1 | H102: 1 | I102: 1 | J102: 1 | K102: 1 | L102: 1 | M102: 1 | N102: 1 | O102: 1 | P102: 1 | Q102: 1 | R102: 1
...
